Инструкция;РЗА;Объект;Дата ввода в действие;Дата пересмотра;ЦДС;ОДС;ПС 330;ВГЭС;ВГРЭС;ВСРЭС;БРЭС;ШРЭС;РРЭС;ЛРЭС;ГРЭС
Инструкция по эксплуатации устройств определения места повреждения в сети 35кВ;ТПФ ПУМА-2300;110кВ Бешенковичи;12.12.2017;30.11.2025;0;1;0;0;0;0;1;0;0;0;0
Инструкция по эксплуатации РЗА РРЭС;РЗАИ РРЭС;ПС-ТП-РП РРЭС;15.02.2022;15.02.2026;0;0;0;0;0;0;0;0;1;0;0
Инструкция по эксплуатации РЗАИ СВВ-10кВ;СВВ-10 кВ;110кВ Бешенковичи;17.05.2022;17.05.2026;0;1;0;0;0;0;1;0;0;0;0
Инструкция по эксплуатации устройств РЗАИ щита собственных нужд;ЩСН;110кВ Бешенковичи;07.08.2018;07.08.2022;0;1;0;0;0;0;1;0;0;0;0
Инструкция по эксплуатации устройств РЗАотходящих линий 35кВ, ТН-35кВ;ВЛ-35 кВ на Бочейково, Шумилино, ТН-35;110кВ Бешенковичи;14.01.2019;14.01.2023;0;1;0;0;0;0;1;0;0;0;0
Инструкция по эксплуатации устройств РЗА отходящих линий 10 кВ и ВВ-10кВ ДГК;ВЛ-10 кВ, ТН-10 кВ, ВВ-10кВ;110кВ Бешенковичи;06.03.2019;06.03.2023;0;1;0;0;0;0;1;0;0;0;0
Инструкция по эксплуатации электромагнитной блокировки;Электромагнитной блокировки;110кВ Бешенковичи;15.05.2019;15.05.2023;0;1;0;0;0;0;1;0;0;0;0
Инструкция по эксплуатации устройств РЗАИ трансформаторов Т-1, Т-2;Т1, Т2, автоматика обдува Т1;110кВ Бешенковичи;16.08.2019;16.08.2023;0;1;0;0;0;0;1;0;0;0;0
Инструкция по эксплуатации устройств регулирования напряжения Т1, Т-2;АРН Т1,Т-2;110кВ Бешенковичи;23.04.2021;23.04.2025;0;1;0;0;0;0;1;0;0;0;0
Инструкция по эксплуатации устройств релейной защиты, автоматики, управления и сигнализации СМВ-110кВ;СМВ-110 кВ,ВЛ-110 на Сватовку и Соржицу;110кВ Бешенковичи;08.12.2021;08.12.2025;1;1;0;0;0;0;1;0;0;0;0
Инструкция по эксплуатации вторич цепей ТН-110кВ;ТН-110 кВ;110кВ Бешенковичи;31.10.2016;09.10.2024;1;1;0;0;0;0;1;0;0;0;0
Инструкция по эксплуатации устройств РЗА отходящих линий 10кВ, ВВ-10кВ ДГК и ТН-0кВ 1, 2с-10кВ;отходящие линии 10кВ;110кВ Бешенковичи;09.10.2020;09.10.2024;0;1;0;0;0;0;1;0;0;0;0
Инструкция по эксплуатации устройства АЧР с АПВЧ;АЧР с АПВЧ;110кВ Бешенковичи;12.10.2020;12.10.2024;1;1;0;0;0;0;1;0;0;0;0
Инструкция по эксплуатации комплекта автоматического и дистанционного управления дугогасящим реактором;Автоматика ДГК;110кВ Бешенковичи;12.02.2020;16.10.2024;0;1;0;0;0;0;1;0;0;0;0
Инструкция по эксплуатации центральной сигнализации;Центральной сигнализации;110кВ Бешенковичи;18.11.2016;03.11.2024;0;1;0;0;0;0;1;0;0;0;0
Инструкция по эксплуатации устройств оперативного тока;Выпрямленного опертока, БПН, БПНС, БПТ,Переменного опертока;110кВ Бешенковичи;04.11.2016;09.11.2024;0;1;0;0;0;0;1;0;0;0;0
Инструкция по эксплуатации устройств регулирования напряжения Т-1, Т-2;АРН Т1, АРН Т2;110кВ Бешенковичи;23.04.2021;23.04.2025;0;1;0;0;0;0;1;0;0;0;0
Инструкция по эксплуатации устройств определения места повреждения в сети 110кВ;ЛИФП, ПУМА1100;110кВ Бешенковичи;05.05.2021;05.05.2025;0;1;0;0;0;0;1;0;0;0;0
Инструкция по эксплуатации центральной сигнализации;Центральной сигнализации;110кВ Билево;23.07.2021;23.07.2025;0;1;0;0;0;0;0;0;0;0;0
Инструкция по эксплуатации электромагнитной блокировки;Электромагнитной блокировки;110кВ Билево;04.11.2021;04.11.2025;0;1;0;0;0;0;0;0;0;0;0
Инструкция по эксплуатации системы оперативного постоянного тока;ЩПТ, пост оперток, ВАЗП №1,2;110кВ Билево;02.04.2018;15.03.2026;0;1;0;0;0;0;0;0;0;0;0
"Инструкция по компенсации емкостных токов замыкания на ""землю"" в сети 10 кВ";ДГК-1,2,3,4с.;110кВ Билево;11.04.2018;15.03.2026;0;1;0;0;0;0;0;0;0;0;0
Инструкция по эксплуатации устройств РЗАИ СМВ-10кВ 1-2с 10кВ,СВВ-10кВ 3,4с 10кВ ТН-10кВ 1,2,3,4 с с 10 кВ;СМВ-10кВ 1-2с 10кВ,СВВ-10кВ 3,4с 10кВ ТН-10кВ 1,2,3,4 с с 10 кВ;110кВ Билево;28.04.2018;14.04.2026;0;1;0;0;0;0;0;0;0;0;0
Инструкция по эксплуатации устройств РЗА отходящих линий 10кВ;Отходящей линии 10 кВ, ДГК 1,2с;110кВ Билево;28.04.2018;14.04.2026;0;1;0;0;0;0;0;0;0;0;0
Инструкция по эксплуатации защиты от дуговых замыканий 1,2,3,4 с 10кВ;ЗДЗ 1,2,3,4 с;110кВ Билево;28.04.2018;14.04.2026;0;1;0;0;0;0;0;0;0;0;0
Инструкция по эксплуатации автоматической частотной разгрузки (АЧР с ЧАПВ);АЧР с сЧАПВ;110кВ Билево;28.04.2018;14.04.2026;1;1;0;0;0;0;0;0;0;0;0
Инструкция по эксплуатации устройств РЗАИ трансформаторов Т-1 и Т-2;Т-1,Т-2;110кВ Билево;30.01.2020;30.01.2024;0;1;0;0;0;0;0;0;0;0;0
Инструкция по эксплуатации устройств РЗАИ трансформатора Т-1 и Т2;Т-1 и Т2;110кВ Билево;26.03.2020;26.03.2024;0;1;0;0;0;0;0;0;0;0;0
Инструкция по эксплуатации устройств регулирования напряжения трансформатора Т1 и Т2;АРН Т1 и Т2;110кВ Билево;26.03.2020;26.03.2024;0;1;0;0;0;0;0;0;0;0;0
Инструкция по эксплуатации устройств РЗАИ ЩСН;ЩСН;110кВ Билево;02.03.2021;02.03.2025;0;1;0;0;0;0;0;0;0;0;0
Инструкция по эксплуатации устройств РЗАИ ВВ-10кВ отходящих линий, аппаратуры ТН-10кВ (с АЧР), СВВ-10кВ, ЗДЗ, УРОВ 1-2с 10кВ, ЛЗШ 1-2с 10кВ;СВВ-10 кВ, ТН-10 кВ 1 и 2 с-10 кВ, отходящей линии 10 кВ, АЧР, ЗДЗ, УРОВ 1-2с 10кВ, ЛЗШ 1-2с 10кВ;110кВ Биофабрика;12.10.2016;05.10.2024;0;1;0;0;0;1;0;0;0;0;0
Инструкция по эксплуатации центральной сигнализации (ЦС) и оперативной блокировки разъединителей (ОБР);ЦС, ОБР;110кВ Биофабрика;12.10.2016;05.10.2024;0;1;0;0;0;1;0;0;0;0;0
Инструкция по эксплуатации устройств РЗАИ щита собственных нужд;ЩСН;110кВ Биофабрика;12.10.2016;05.10.2024;0;1;0;0;0;1;0;0;0;0;0
Инструкция по эксплуатации устройств РЗАИ трансформаторов Т-1 и Т-2;Т-1 и Т-2;110кВ Биофабрика;12.10.2016;05.10.2024;0;1;0;0;0;1;0;0;0;0;0
Инструкция по эксплуатации АРН Т-1, Т-2;АРН Т-1, Т-2;110кВ Биофабрика;12.10.2016;12.10.2024;0;1;0;0;0;1;0;0;0;0;0
Инструкция по эксплуатации устройств РЗАИ щита постоянного тока;ЩПТ;110кВ Биофабрика;12.10.2016;12.10.2024;0;1;0;0;0;1;0;0;0;0;0
Инструкция по эксплуатации и схема;Электромагнитной блокировки;110кВ Верховье;05.01.2017;22.03.2025;0;0;0;0;0;0;0;0;1;0;0
Инструкция по эксплуатации устройств ЦС;Центральной сигнализации;110кВ Верховье;31.08.2021;31.08.2025;0;1;0;0;0;0;0;0;1;0;0
Инструкция по эксплуатации устройств РЗАИ Т-1 и Т-2;Т-1, Т-2, АРН Т-1 Т-2;110кВ Верховье;09.09.2021;09.09.2025;0;1;0;0;0;0;0;0;1;0;0
Инструкция по эксплуатации устройств РЗАИ отходящих линий 10кВ;Отходящей линии 10 кВ;110кВ Верховье;09.09.2021;09.09.2025;0;1;0;0;0;0;0;0;1;0;0
Инструкция по эксплуатации РЗ ВЛ-110кВ на Витебск и Городок, автоматики, управления и сигнализации СВЭ-110кВ;СВЭ-110 кВ, ВЛ-110кВ на Городок, 330-Витебскую;110кВ Верховье;10.11.2021;10.11.2025;1;1;0;0;0;0;0;0;1;0;0
Инструкция по эксплуатации устройств РЗАИ постоянного оперативного тока;ЩПТ,СВУ,постоянного опертока;110кВ Верховье;27.12.2017;29.11.2025;0;1;0;0;0;0;0;0;1;0;0
Инструкция по эксплуатации устройств определения места повреждения в сети 110кВ;ФИП ПУМА 1100;110кВ Верховье;09.07.2019;09.07.2023;1;1;0;0;0;0;0;0;1;0;0
Инструкция по эксплуатации устройств РЗАИ СВВ-10кВ, АВР-10кВ, аппаратуры ТН-10кВ (с АЧР), ЗДЗ, СН-0,4кВ;СВВ-10кВ, АВР, ЗДЗ, ТН-10 кВ, АЧР, ЩСН;110кВ Верховье;15.01.2021;15.01.2025;0;1;0;0;0;0;0;0;1;0;0
Инструкция по эксплуатации оперативной блокировки разъединителей;ОБР;110кВ Верховье;09.02.2021;09.02.2025;0;1;0;0;0;0;0;0;1;0;0
Инструкция по эксплуатации ТН-110кВ;ТН-110 кВ 1 и 2 с-110 кВ;110кВ Верховье;09.02.2021;09.02.2025;1;1;0;0;0;0;0;0;1;0;0
Инструкция по эксплуатации устройств релейной защиты, автоматики, управления и сигнализации ВВ-10кВ КЛ-10кВ и ТН-10кВ;ВВ-10кВ,ТН-10кВ;110кВ Витебск-Северная;04.11.2021;04.11.2025;0;1;0;0;0;0;0;0;0;0;0
Инструкция по эксплуатации устройств РЗАИ СВВ-10кВ;СВВ-10 кВ № 1, 2, 3, 4, АВР-10 кВ;110кВ Витебск-Северная;04.11.2021;04.11.2025;0;1;0;0;0;0;0;0;0;0;0
Инструкция по эксплуатации электромагнитной блокировки;Электромагнитной блокировки;110кВ Витебск-Северная;02.05.2019;02.05.2023;0;1;0;0;0;0;0;0;0;0;0
Инструкция по эксплуатации системы автоматической компенсации емкостных токов замыкания на землю в электрических сетях 10кВ;ДГК, САНК, защиты резистора заземления нейтрали;110кВ Витебск-Северная;19.02.2016;12.02.2024;0;1;0;0;0;0;0;0;0;0;0
Инструкция по эксплуатации щитов постоянного и переменного тока и выпрямительных устройств;ЩСН, ЩПТ, ВУ-1, 2;110кВ Витебск-Северная;24.03.2020;24.03.2024;0;1;0;0;0;0;0;0;0;0;0
Инструкция по эксплуатации логической защиты шин 10 кВ и устройства резервирования отказа выключателей 1-4с. 10кВ;ДЗШ 1, 2, 3, 4 с-10 кВ;110кВ Витебск-Северная;23.10.2020;23.10.2024;0;1;0;0;0;0;0;0;0;0;0
Инструкция по эксплуатации устройств РЗАИ трансформатора Т1;Т1, автоматика обдува и АРН Т1;110кВ Витебск-Северная;09.11.2020;09.11.2024;0;1;0;0;0;0;0;0;0;0;0
Инструкция по эксплуатации устройств РЗАИ трансформатора Т2;Т2, автоматика обдува и АРН Т2;110кВ Витебск-Северная;09.11.2020;09.11.2024;0;1;0;0;0;0;0;0;0;0;0
Инструкция по эксплуатации устройств РЗАИ;Т1,ВЛ 10 кВ,ТСН,ТН, АРН Т1, АЧР, ЦС, ФИП;110кВ Городок;15.11.2019;15.11.2023;0;1;0;0;0;0;0;0;0;1;0
Инструкция по эксплуатации системы оперативного постоянного тока ;ЩПТ,ВУ-1,ВУ-2;110кВ Лучеса;16.03.2022;16.03.2026;0;1;0;0;0;0;0;0;0;0;0
Инструкция по эксплуатации устройств РЗАИ СОВЭ-110кВ;СОВЭ-110 кВ;110кВ Городок;10.04.2018;15.03.2026;1;1;0;0;0;0;0;0;0;0;1
Инструкция по эксплуатации дифференциальной защиты шин 110кВ;ДЗШ-110 кВ 1 и 2 с-110 кВ;110кВ Городок;10.04.2018;15.03.2026;1;1;0;0;0;0;0;0;0;0;1
Инструкция по эксплуатации УРОВ-110кВ;УРОВ-110 кВ 1 и 2 с-110 кВ;110кВ Городок;10.04.2018;15.03.2026;1;1;0;0;0;0;0;0;0;0;1
Инструкция по эксплуатации ТН-110кВ;ТН-110 кВ 1 и 2 с-110 кВ, ОСШ;110кВ Городок;10.04.2018;15.03.2026;1;1;0;0;0;0;0;0;0;0;1
Инструкция по эксплуатации РЗА отходящей линии 10кВ ячейки типа К104-М с выключателями BU/TEL 12A;Отходящей линии 10 кВ;110кВ Городок;07.09.2018;07.09.2022;0;1;0;0;0;0;0;0;0;0;1
Инструкция по эксплуатации устройств РЗАИ трансформатора Т1;Т1;110кВ Городок;19.09.2018;19.09.2022;0;1;0;0;0;0;0;0;0;0;1
Инструкция по эксплуатации системы постоянного оперативного тока;ЩПТ, ВАЗП №1,2, распределение постоянного опертока;110кВ Городок;02.01.2019;02.01.2023;0;1;0;0;0;0;0;0;0;0;1
Инструкция по эксплуатации устройств РЗАИ СВВ-35кВ;СВВ-35 кВ;110кВ Городок;23.02.2015;27.02.2023;0;1;0;0;0;0;0;0;0;0;1
Инструкция по эксплуатации устройств РЗАИ трансформатора Т2;Т2;110кВ Городок;11.03.2015;27.02.2023;0;1;0;0;0;0;0;0;0;0;1
Инструкция по эксплуатации устройств РЗАИ СВВ-10кВ;СВВ-10 кВ № 1, 2, 3, 4;110кВ Городок;27.02.2019;27.02.2023;0;1;0;0;0;0;0;0;0;0;1
Инструкция по эксплуатации защиты от дуговых замыканий, логической защиты шин 10кВ и устройства резервирования отказа выключателей 1-4с 10кВ;ЗДЗ,ЛЗШ,УРОВ  1, 2, 3, 4 с-10 кВ;110кВ Городок;11.03.2015;27.02.2023;0;1;0;0;0;0;0;0;0;0;1
Инструкция по эксплуатации и схема РЗА;ЩСН;110кВ Городок;12.04.2023;12.04.2023;0;0;0;0;0;0;0;0;0;0;1
Инструкция по эксплуатации электромагнитной блокировки разъединителей;Электромагнитная блокировка;110кВ Городок;11.05.2015;19.04.2023;0;1;0;0;0;0;0;0;0;0;1
Инструкция по эксплуатации устройств регулирования напряжения трансформаторов Т1 и Т2;АРН Т1,Т2;110кВ Городок;14.10.2015;24.09.2023;0;1;0;0;0;0;0;0;0;0;1
Инструкция по эксплуатации устройств определения места повреждения на ВЛ 10-35кВ;ФИП ВЛ 10-35 кВ;110кВ Городок;09.10.2019;09.10.2023;0;1;0;0;0;0;0;0;0;0;1
Инструкция по эксплуатации устройств определения места повреждения в сети 110кВ;ИПФ ПУМА 1100;110кВ Городок;22.06.2020;22.06.2024;1;1;0;0;0;0;0;0;0;0;1
"Инструкция по работе с цифровым регистратором электрических процессов ""ПАРМА"" и универсальной программой просмотра, анализа и печати данных TRANSCOP для определения мест повреждения на ВЛ-110кВ";Аварийный регистратор;110кВ Городок;16.02.2021;16.02.2025;1;1;0;0;0;0;0;0;0;0;1
Инструкция по эксплуатации устройств РЗАИ ВЛ-35кВ с ВВ-35кВ;ВЛ-35 кВ на Бычиху,Селище;110кВ Городок;16.02.2021;16.02.2025;0;1;0;0;0;0;0;0;0;0;1
Инструкция по эксплуатации устройств РЗАИ ВЛ-35кВ на Чепино;ВЛ-35 кВ на Чепино;110кВ Городок;16.02.2021;16.02.2025;0;1;0;0;0;0;0;0;0;0;1
Инструкция по эксплуатации центральной сигнализации;Центральная сигнализация ОПУ,ОПУ-1;110кВ Городок;16.02.2021;16.02.2025;0;1;0;0;0;0;0;0;0;0;1
Инструкция по эксплуатации ТН-10, 35кВ;ТН-10 кВ 1, 2, 3, 4 с-10 кВ, ТН-35кВ 1 и 2с;110кВ Городок;10.06.2021;10.06.2025;0;1;0;0;0;0;0;0;0;0;1
Инструкция по эксплуатации индикатора ИМФ ВЛ-35кВ Добромысли-Бабиновичи;ИМФ;110кВ Добромысли;04.01.2022;04.01.2026;0;1;0;0;0;0;0;0;0;1;0
Инструкция по эксплуатации устройств РЗАИ;РЗА Т1, Т2, АЧР, ЗДЗ, ЭМБ, СМВ-10кВ, ТН-10-35кВ, РПН Т1 и Т2, ВЛ-10-35кВ, СН, ЦС, ФИП, АВР;110кВ Добромысли;02.03.2021;02.03.2025;0;1;0;0;0;0;0;0;0;1;0
Инструкция по эксплуатации устройств РЗАИ;Т1,Т2,АВР Т2,ВЛ-35 кВ на Бычиху,ВЛ-35 кВ на Хмельник,ТН-35 кВ 1 с-35 кВ,ТН-35 кВ ВЛ-35 кВ на Бычиху,СВВ-10 кВ,ВЛ10,ТН10,АЧР,СН,ЦС,обдувТ1,АРН Т1,ФИП;110кВ Дуброво;28.12.2017;02.12.2025;0;1;0;0;0;0;0;0;0;0;1
Инструкция по эксплуатации устройства РЗАИ;Т1, АРН, ВЛ-10кВ, ТН-10кВ, ЗДЗ, АЧР, СН, ЦС.;110кВ Замосточье;10.10.2019;10.10.2023;0;1;0;0;0;1;0;0;0;0;0
Инструкция по эксплуатации автоматической частотной разгрузки;АЧР;110кВ Кабище;24.12.2014;02.01.2023;1;1;0;0;0;0;0;0;0;0;1
Инструкция по эксплуатации устройств релейной защиты, автоматики и сигнализации;Т1,Т2,ВЛ10,ТН10,АВР-10,ЦС,ШОП,СН;110кВ Кабище;23.02.2015;27.02.2023;0;1;0;0;0;0;0;0;0;0;1
Инструкция по эксплуатации устройств релейной защиты, автоматики, управления и сигнализации СВЭ-110кВ и аппаратуры ТН-110кВ;СВЭ-110 кВ, ТН-110 кВ 1 и 2 с-110 кВ;110кВ Кабище;30.08.2019;30.08.2023;1;1;0;0;0;0;0;0;0;0;1
Инструкция по эксплуатации устройств РЗАИ СВВ-10кВ;СВВ-10 кВ;110кВ Кабище;21.11.2019;21.11.2023;0;1;0;0;0;0;0;0;0;0;1
Инструкция по эксплуатации устройства АРН Т-1, Т-2;АРН Т1,Т2;110кВ Кабище;08.04.2021;08.04.2025;0;1;0;0;0;0;0;0;0;0;1
Инструкция по эксплуатации устройств РЗАИ;Т2,РПН Т2,СМВ-10,ВЛ-10,ТН-10,АЧР,ЗДЗ,СН,ШОП,ЦС,ЭМБ,ФИП;110кВ Княжица;10.11.2021;10.11.2025;0;1;0;0;0;1;0;0;0;0;0
Инструкция по эксплуатации устройств РЗАИ постоянного оперативного тока;ШУОТ №1, 2;110кВ КСМ;18.04.2022;18.04.2026;0;1;0;0;0;0;0;0;0;0;0
Инструкция по эксплуатации устройств регулирования напряжения трансформаторов Т1 и Т2;АРН Т1и Т2;110кВ КСМ;18.05.2020;18.05.2024;0;1;0;0;0;0;0;0;0;0;0
Инструкция по эксплуатации и схема;Электромагнитной блокировки;110кВ КСМ;28.12.2020;28.12.2024;0;1;0;0;0;0;0;0;0;0;0
Инструкция по эксплуатации и схема РЗА;ЩСН;110кВ КСМ;10.11.2021;10.11.2025;0;1;0;0;0;0;0;0;0;0;0
Инструкция по эксплуатации устройств РЗАИ щита собственных нужд ПС 110/10кВ;СВ-0,4кВ, АВР-0,4кВ;110кВ КСМ;10.11.2021;10.11.2025;0;1;0;0;0;0;0;0;0;0;0
Инструкция по эксплуатации устройств РЗА трансформаторов Т-1 и Т-2;Т1, Т-2, автоматика обдува Т1, Т-2;110кВ КСМ;20.04.2020;20.04.2024;0;1;0;0;0;0;0;0;0;0;0
Инструкция по эксплуатации устройства регулирования напряжения Т-1,Т-2;АРН Т-1;110кВ КСМ;18.05.2020;18.05.2024;0;1;0;0;0;0;0;0;0;0;0
Инструкция по эксплуатации центральной сигнализации;Центральной сигнализации;110кВ КСМ;12.10.2020;12.10.2024;0;1;0;0;0;0;0;0;0;0;0
Инструкция по эксплуатации устройств РЗАИ ВВ-10 кВ отходящих линий, РЗН-10кВ, аппаратуры ТН-10кВ(с АЧР), ЗДЗ, оперблокировки;Отходящие линии 1-4с 10кВ, ТН-10кВ 1-4с, СВВ-10кВ №1-4, АЧР 1-4с, ЗДЗ 1-4с, оперблокировка 1-4с;110кВ КСМ;08.12.2020;08.12.2024;0;1;0;0;0;0;0;0;0;0;0
Инструкция по эксплуатации оперативной блокировки разъединителей ПС 110/10кВ;ОБР;110кВ КСМ;28.12.2020;28.12.2024;0;1;0;0;0;0;0;0;0;0;0
Инструкция по эксплуатации устройств релейной защиты, автоматики, управления и сигнализации СВВ-10кВ;СВВ-10кВ;110кВ Лиозно;04.11.2021;04.11.2025;0;1;0;0;0;0;0;0;0;1;0
Инструкция по эксплуатации устройств определения места повреждения в сети 110кВ;ФИП-110 кВ,ПУМА1100;110кВ Лиозно;21.02.2022;21.02.2026;1;1;0;0;0;0;0;0;0;1;0
Инструкция по эксплуатации устройств РЗАИ СМВ-35 кВ;СМВ-35 кВ;110кВ Лиозно;31.05.2018;17.05.2026;0;1;0;0;0;0;0;0;0;1;0
Инструкция по эксплуатации системы оперативного постоянного тока;ЩПТ,постоянного опертока;110кВ Лиозно;01.06.2018;27.05.2026;0;1;0;0;0;0;0;0;0;1;0
Инструкция по эксплуатации устройств РЗА отходящих линий 10кВ;Отходящих линий 10 кВ;110кВ Лиозно;05.03.2019;05.03.2023;0;1;0;0;0;0;0;0;0;1;0
Инструкция по эксплуатации атоматической частотной разгрузки (АЧР ЧАПВ) и дополнительной аварийной разгрузки по напряжению (ДАРН с АПВ ДАРН);АЧР, ДАРН;110кВ Лиозно;05.03.2019;05.03.2023;1;1;0;0;0;0;0;0;0;1;0
Инструкция по эксплуатации устройств РЗАИ ЩСН;ЩСН;110кВ Лиозно;24.07.2019;24.07.2023;0;1;0;0;0;0;0;0;0;1;0
Инструкция по эксплуатации устройств РЗАИ отходящих линий 10кВ;ВЛ-10кВ;110кВ Лиозно;01.10.2020;01.10.2024;0;0;0;0;0;0;0;0;0;0;0
Инструкция по эксплуатации центральной сигнализации;Центральной сигнализации;110кВ Лиозно;06.10.2020;06.10.2024;0;1;0;0;0;0;0;0;0;1;0
Инструкция по эксплуатации устройств РЗАИ трансформатора Т1;Т1;110кВ Лиозно;21.10.2020;21.10.2024;0;1;0;0;0;0;0;0;0;1;0
Инструкция по эксплуатации устройств регулирования напряжения трансформаторов Т1 Т2;АРН Т1 Т2;110кВ Лиозно;05.01.2017;17.12.2024;0;1;0;0;0;0;0;0;0;1;0
Инструкция по эксплуатации устройств РЗАИ трансформатора Т2 и АВР Т-2;Т2;110кВ Лиозно;11.01.2021;11.01.2025;0;1;0;0;0;0;0;0;0;1;0
Инструкция по эксплуатации вторичных цепей ТН-10, 35, 110 кВ;ТН-10 , 35 и 110кВ 1 и 2 с-10 кВ;110кВ Лиозно;09.02.2021;09.02.2025;0;1;0;0;0;0;0;0;0;1;0
Инструкция по эксплуатации электромагнитной блокировки разъеденителей;Электромагнитной блокировки;110кВ Лиозно;09.02.2021;09.02.2025;0;1;0;0;0;0;0;0;0;1;0
Инструкция по эксплуатации устройств РЗАИ ВЛ-35кВ;ВЛ-35 кВ на Веляшковичи,Стасево и Добромысли;110кВ Лиозно;10.03.2021;10.03.2025;0;1;0;0;0;0;0;0;0;1;0
Инструкция по эксплуатации АЧР с АПВЧ;АЧР;110кВ Лучеса;15.11.2021;15.11.2025;1;1;0;0;0;0;0;0;0;0;0
Инструкция по эксплуатации электромагнитной блокировки разъединителей;Электромагнитная блокировка;110кВ Лучеса;02.02.2018;01.02.2026;0;1;0;0;0;0;0;0;0;0;0
Инструкция по эксплуатации устройств РЗАИ щита собственных нужд;ЩСН;110кВ Лучеса;31.05.2018;10.03.2026;0;1;0;0;0;0;0;0;0;0;0
Инструкция по эксплуатации РЗАИ МВ-10кВ КЛ-10кВ, СМВ-10кВ 1-2 (3-4)с, ТН-10кВ 1-4с,ЗДЗ-10кВ 1-4с;РЗА отходящей линии 10 кВ, ТН-10кВ, СМВ-10кВ, ЗДЗ;110кВ Лучеса;05.02.2019;05.02.2023;0;1;0;0;0;0;0;0;0;0;0
Инструкция по эксплуатации ТН-110 кВ;ТН-110 кВ 1 и 2 с-110 кВ;110кВ Лучеса;19.02.2016;04.02.2024;1;1;0;0;0;0;0;0;0;0;0
"Инструкция по эксплуатации устройств РЗАИ фидеров связи с мини-ТЭЦ ОАО ""Рудаково"" №734 и №760";ВВ-10кВ КЛ-734, 760;110кВ Лучеса;19.02.2016;04.02.2024;0;1;0;0;0;0;0;0;0;0;0
Инструкция по эксплуатации устойств РЗАИ Т-1;Т-1;110кВ Лучеса;10.03.2020;10.03.2024;0;1;0;0;0;0;0;0;0;0;0
Инструкция по эксплуатации устойств РЗАИ Т-2;Т-2;110кВ Лучеса;10.03.2020;10.03.2024;0;1;0;0;0;0;0;0;0;0;0
Инструкция автоматики управления ДГК 1-3с.;ДГК-1, 2, 3;110кВ Лучеса;22.06.2020;22.06.2024;0;1;0;0;0;0;0;0;0;0;0
Инструкция по эксплуатации центральной сигнализации;Центральной сигнализации;110кВ Лучеса;04.11.2016;03.11.2024;0;1;0;0;0;0;0;0;0;0;0
"Инструкция по проверке В/Ч канала ВЧБ ВЛ 110кВ Лучеса-ПС 330 кВ ""Витебская""";"ВЧ канал ВЛ-110 кВ Лучеса-ПС 330 кВ ""Витебская""";110кВ Лучеса;26.11.2020;26.11.2024;1;1;0;0;0;0;0;0;0;0;0
Инструкция по эксплуатации устройств релейной защиты автоматики, управления и сигнализации СВЭ-110кВ ПС 110/10кВ Лучеса;ВЛ-110кВ Лучеса-Витебск330кВ и Лучеса-Витебская ТЭЦ, автоматики, управления и сигнализации СВЭ-110кВ;110кВ Лучеса;17.03.2021;17.03.2025;0;1;0;0;0;0;0;0;0;0;0
Инструкция по эксплуатации устройств регулирования напряжения трансформаторов Т1 и Т2;АРН Т1, АРН Т2;110кВ Лучеса;23.04.2021;23.04.2025;0;1;0;0;0;0;0;0;0;0;0
Инструкция по эксплуатации электромагнитной блокировки разъединителей;Электромагнитная блокировка;110кВ Мелькомбинат;17.04.2019;17.04.2023;0;1;0;0;0;0;0;0;0;0;0
Инструкция по эксплуатации аппаратуры  ТН-10кВ 1-6с-10кВ,ТН-110кВ 1-2с-110кВ, ТН-110кВ 1,2с;ТН-10 кВ 1, 2, 3, 4, 5, 6 с-10 кВ;110кВ Мелькомбинат;05.01.2016;04.01.2024;0;1;0;0;0;0;0;0;0;0;0
Инструкция по эксплуатации аппаратуры АЧР;АЧР;110кВ Мелькомбинат;25.03.2020;25.03.2024;1;1;0;0;0;0;0;0;0;0;0
Инструкция по эксплуатации оперативного тока;Выпрямленного опертока, БПНС-1, 2, 3, 4, БПТ-1, 2 Т1, БПТ-3, 4 Т2, БПН-1, 2;110кВ Мелькомбинат;04.05.2016;17.04.2024;0;1;0;0;0;0;0;0;0;0;0
Инструкция по эксплуатацииустройств РЗА отходящих линий 10кВ;Отходящей линии 10 кВ;110кВ Мелькомбинат;17.06.2020;17.06.2024;0;1;0;0;0;0;0;0;0;0;0
Инструкция по эксплуатации устройств РЗА трансформаторов Т1 и Т2;Т1, автоматика обдува Т1/ Т2, автоматика обдува Т2;110кВ Мелькомбинат;23.09.2020;23.09.2024;0;1;0;0;0;0;0;0;0;0;0
Инструкция по эксплуатации центральной сигнализации;Центральной сигнализации;110кВ Мелькомбинат;23.09.2020;23.09.2024;0;1;0;0;0;0;0;0;0;0;0
Инструкция по эксплуатации устройст РЗА СМВ-10кВ 1 и 2с -10кВ, 3 и 4 с-10кВ, 5и6 с-10 кВ;СМВ-10 кВ 1, 2, 3, 4, 5, 6 с-10 кВ;110кВ Мелькомбинат;04.11.2016;03.11.2024;0;1;0;0;0;0;0;0;0;0;0
Инструкция по эксплуатации устройств ЩСН;ЩСН;110кВ Мелькомбинат;17.11.2020;17.11.2024;0;1;0;0;0;0;0;0;0;0;0
"Инструкция по компенсации емкостных токов замыкания на ""землю"" в сети 10кВ";ДГК,;110кВ Мелькомбинат;19.11.2020;19.11.2024;0;1;0;0;0;0;0;0;0;0;0
Инструкция по эксплуатации усройств защиты от дуговых замыканий;ЗДЗ 1, 2, 3, 4 с-10 кВ;110кВ Мелькомбинат;19.01.2021;19.01.2025;0;1;0;0;0;0;0;0;0;0;0
Инструкция по эксплуатации устройств регулирования напряжения трансформаторов Т-1 и Т-2;АРН Т1, АРН Т2;110кВ Мелькомбинат;19.02.2021;19.02.2025;0;1;0;0;0;0;0;0;0;0;0
Инструкция по эксплуатации комплекта автоматического и дистанционного управления дугогасящим реактором;Автоматика ДГК;110кВ Новая;06.12.2021;06.12.2025;0;1;0;0;0;0;0;0;0;0;0
Инструкция по эксплуатации системы оперативного постоянного тока ;ЩПТ;110кВ Новая;15.11.2021;15.11.2025;0;1;0;0;0;0;0;0;0;0;0
Инструкция по эксплуатации электромагнитной блокировки разъединителей;Электромагнитная блокировка;110кВ Новая;26.12.2018;26.12.2022;0;1;0;0;0;0;0;0;0;0;0
Инструкция по эксплуатации устройств автоматической частотной разгрузки (АЧР с ЧАПВ) и дополнительной аварийной разгрузки по напряжению (ДАРН с АПВ ДАРН);АЧР, ДАРН;110кВ Новая;14.01.2019;14.01.2023;1;1;0;0;0;0;0;0;0;0;0
Инструкция по эксплуатации устройств АРН трансформаторов;АРН Т1, Т2;110кВ Новая;18.02.2019;18.02.2023;0;1;0;0;0;0;0;0;0;0;0
Инструкция по эксплуатации устройств РЗАИ трансформаторов Т1, Т2;Т1, Т2;110кВ Новая;04.02.2020;04.02.2024;0;1;0;0;0;0;0;0;0;0;0
Инструкция по эксплуатации устройств РЗАИ СВВ-10 кВ, ВВ(МВ)-10кВ КЛ-10кВ, ТН-10кВ;ВВ-10 кВ, отходящей линии 10 Кв, ТН-10 Кв;110кВ Новая;19.02.2016;14.02.2024;0;1;0;0;0;0;0;0;0;0;0
Инструкция по эксплуатации центральной сигнализации;Центральной сигнализации;110кВ Новая;24.02.2022;24.02.2026;0;1;0;0;0;0;0;0;0;0;0
Инструкция по эксплуатации АВР СН;АВР ЩСН;110кВ Новая;02.11.2016;09.10.2024;0;1;0;0;0;0;0;0;0;0;0
Инструкция по эксплуатации устройств РЗА ЗДЗ-10кВ ВВ-10кВ КЛ-428,429,430,431,ТСН ДГК-10кВ 1с,432,433;ЗДЗ;110кВ Новая;07.05.2021;07.05.2025;0;1;0;0;0;0;0;0;0;0;0
Инструкция по эксплуатации устройств РЗА ЗДЗ-10кВ ВВ-10кВ КЛ-454,455,456,457,458,459,ТСН ДГК-10кВ 3с ;ЗДЗ-10кВ;110кВ Новая;02.08.2021;02.08.2025;0;1;0;0;0;0;0;0;0;0;0
Инструкция по эксплуатации устройств автоматической частотной разгрузки (АЧР с ЧАПВ) и делительной автоматики МВ-10кВ КЛ-399,405;АЧР (с ЧАПВ), ДА;110кВ Оболь;09.06.2021;09.06.2025;1;1;0;0;0;0;0;1;0;0;0
Инструкция по эксплуатации устройств релейной защиты, автоматики, управления и сигнализации трансформаторов Т1 и Т2;Т1,Т2;110кВ Оболь;10.11.2021;10.11.2025;0;1;0;0;0;0;0;1;0;0;0
Инструкция по эксплуатации устройств РЗАИ щита постоянного тока и выпрямительных устройств;ЩПТ, СВУ №1, 2;110кВ Оболь;15.02.2022;15.02.2026;0;1;0;0;0;0;0;1;0;0;0
Инструкция по эксплуатации устройств РЗАИ щита переменного тока;ЩСН;110кВ Оболь;14.05.2019;14.05.2023;0;1;0;0;0;0;0;1;0;0;0
Инструкция по эксплуатации электромагнитной блокировки разъединителей;Электромагнитная блокировка;110кВ Оболь;06.06.2019;06.06.2023;0;1;0;0;0;0;0;1;0;0;0
Инструкция по эксплуатации устройств РЗАИ СМВ-10кВ, АВР-10кВ, МВ-10кВ;СМВ-10кВ, ВЛ-10кВ, АВР-10кВ;110кВ Оболь;19.02.2016;04.02.2024;0;1;0;0;0;0;0;1;0;0;0
Инструкция по эксплуатации транслятора параметров фиксирующего (ТПФ) ПУМА-2300;ФИП-10 кВ Т1,2 ПУМА 2300;110кВ Оболь;23.03.2020;23.03.2024;0;1;0;0;0;0;0;1;0;0;0
Инструкция по эксплуатации устройств регулирования напряжения трансформаторов Т1 и Т2;АРН Т1, Т2;110кВ Оболь;17.04.2020;17.04.2024;0;1;0;0;0;0;0;1;0;0;0
Инструкция по эксплуатации устройств релейной защиты, автоматики, управления и сигнализации СВЭ-110кВ и аппаратуры ТН-110кВ;СВЭ-110 кВ, ТН-110 кВ 1 и 2 с-110 кВ;110кВ Оболь;26.10.2016;27.10.2024;1;1;0;0;0;0;0;1;0;0;0
Инструкция по эксплуатации центральной сигнализации;Центральной сигнализации, ТН-10 кВ 1 и 2 с-10 кВ;110кВ Оболь;27.10.2020;27.10.2024;0;1;0;0;0;0;0;1;0;0;0
Инструкция по эксплуатации устройств регулирования напряжения трансформаторов Т1 и Т2;АРН Т1,Т2;110кВ Парковая;23.07.2021;23.07.2025;0;1;0;0;0;0;0;0;0;0;0
Инструкция по эксплуатации автоматики, управления и сигнализации СВЭ-110кВ и аппаратуры ТН-110кВ;СВЭ-110 кВ, ТН-110кВ;110кВ Парковая;04.11.2021;04.11.2025;1;1;0;0;0;0;0;0;0;0;0
"Инструкция по компенсации емкостных токов замыкания на ""землю"" в сети 6-10кВ";ДГК-1, 2с 6кВ;110кВ Парковая;31.05.2018;27.05.2026;0;1;0;0;0;0;0;0;0;0;0
Инструкция по эксплуатации устройств РЗАИ СМВ-6кВ, СВВ-10кВ №1,2, КЛ-6кВ, КЛ-10кВ, ТН-6кВ 1 и 2с 6кВ, ТН-10кВ 1,2,3с-10кВ;СМВ-6 кВ, СВВ-10кВ №1,2 Отходящих линий ТН-6кВ, ТН-10кВ;110кВ Парковая;01.09.2021;01.09.2025;0;1;0;0;0;0;0;0;0;0;0
Инструкция по эксплуатации защиты от дуговых замыканий;ЗДЗ 1 с-10 кВ;110кВ Парковая;29.10.2019;29.10.2023;0;1;0;0;0;0;0;0;0;0;0
Инструкция по эксплуатации центральной сигнализации;Центральной сигнализации ОПУ, ЗРУ-6 кВ;110кВ Парковая;10.03.2020;10.03.2024;0;1;0;0;0;0;0;0;0;0;0
Инструкция по эксплуатации щита постоянного тока и выпрямительных устройств;ЩПТ, ВАЗП  № 1, 2;110кВ Парковая;23.03.2020;23.03.2024;0;1;0;0;0;0;0;0;0;0;0
Инструкция по эксплуатации устройств автоматической частотной разгрузки (АЧР с ЧАПВ) и дополнительной аварийной разгрузки по напряжению (ДАРН с АПВ ДАРН);АЧР, ДАРН;110кВ Парковая;10.06.2020;10.06.2024;1;1;0;0;0;0;0;0;0;0;0
Инструкция по эксплуатации устройств РЗАИ трансформатора Т1, Т2;Т1, Т-2;110кВ Парковая;04.11.2020;04.11.2024;0;1;0;0;0;0;0;0;0;0;0
Инструкция по эксплуатации РЗАИ ЩСН  и АВР собственных нужд;АВР ЩСН;110кВ Парковая;23.03.2017;09.12.2025;0;1;0;0;0;0;0;0;0;0;0
Инструкция по эксплуатации электромагнитной блокировки разъеденителей;Электромагнитной блокировки;110кВ Парковая;04.03.2021;04.03.2025;0;1;0;0;0;0;0;0;0;0;0
Инструкция по эксплуатации устройств РЗАИ;Т1, Т2, Отходящей линии 10 кВ, ТН-10кВ, ТСН, ЦС, ЗДЗ 1 и 2 с-10 кВ, АЧР, АВР, ЭМБ;110кВ Плиговка;13.12.2019;13.12.2023;0;1;0;0;0;0;0;1;0;0;0
Инструкция по эксплуатации устройств РЗАИ;Т1,ВЛ-10,ТН-10,ЦС,СН, АЧР;110кВ Плисса;12.05.2016;22.04.2024;0;1;0;0;0;0;0;0;0;0;0
Инструкция по эксплуатации системы постоянного оперативного тока;Постоянного опертока, ШУОТ-1, 2;110кВ Руба;16.06.2014;02.06.2025;0;1;0;0;0;0;0;0;1;0;0
Инструкция по эксплуатации устройств релейной защиты, автоматики, управления и сигнализации ВВ-6кВ КЛ-330;Релейная защита, ТН-6кВ, управление ВВ-6кВ, учет, опер.ток, сигнализация КЛ-330;110кВ Руба;19.02.2016;26.08.2024;0;1;0;0;0;0;0;0;1;0;0
Инструкция по эксплуатации устройства автоматической частотной разгрузки (АЧР с ЧАПВ) и дополнительной аварийной разгрузки по напряжению (ДАРН с АПВ ДАРН);ДАРН, АЧР;110кВ Руба;23.07.2021;23.07.2025;1;1;0;0;0;0;0;0;1;0;0
Инструкция по эксплуатации устройств РЗА трансформатора Т-1;Т1, автоматика обдува Т1;110кВ Руба;12.12.2017;02.12.2025;0;1;0;0;0;0;0;0;1;0;0
Инструкция по эксплуатации транслятора параметров фиксирующего (ТПФ) ПУМА-2300 ВЛ-35кВ Руба-Сураж;ФИП-35 кВ ВЛ-35кВ на Сураж;110кВ Руба;09.07.2019;09.07.2023;0;1;0;0;0;0;0;0;1;0;0
Инструкция по эксплуатации устройства регулирования напряжения трансформатора Т3;АРН Т3;110кВ Руба;14.10.2015;24.08.2023;0;1;0;0;0;0;0;0;1;0;0
Инструкция по эксплуатации устройств РЗАИ СМВ-6кВ;СМВ-6 кВ 1 и 2 с-6 кВ, СМВ-6 кВ 3 и 4 с-6 кВ, СМВ-6 кВ 3 и 5 с-6 кВ;110кВ Руба;05.09.2019;05.09.2023;0;1;0;0;0;0;0;0;1;0;0
Инструкция по эксплуатации устройств РЗАИ трансформатора №2;Т2, автоматика обдува Т2;110кВ Руба;23.10.2015;09.10.2023;0;1;0;0;0;0;0;0;1;0;0
Инструкция по эксплуатации устройств регулирования напряжения трансформатора Т2;АРН Т2;110кВ Руба;14.10.2015;09.10.2023;0;1;0;0;0;0;0;0;1;0;0
Инструкция по эксплуатации устройств РЗА и сигнализации ВВ-6кВ КЛ-326;ВВ-6кВ;110кВ Руба;26.11.2019;26.11.2023;0;0;0;0;0;0;0;0;1;0;0
Инструкция по эксплуатации устройств регулирования напряжения трансформатора Т1;АРН Т1;110кВ Руба;19.02.2016;20.02.2024;0;1;0;0;0;0;0;0;1;0;0
"Инструкция по компенсации емкостных токов замыкания на ""землю"" в сети 6кВ";ТСН ДГК;110кВ Руба;21.02.2020;21.02.2024;0;1;0;0;0;0;0;0;1;0;0
Инструкция по эксплуатации выпрямительных зарядно-подзарядных агрегатов;ВАЗП;110кВ Руба;23.03.2020;23.03.2024;0;1;0;0;0;0;0;0;1;0;0
Инструкция по эксплуатации центральной сигнализации;Центральной сигнализации на постоянном и переменном опертоке;110кВ Руба;30.03.2020;30.03.2024;0;1;0;0;0;0;0;0;1;0;0
Инструкция по эксплуатации РЗА управления и сигнализации ВЛ-35кВ, ТН-35кВ;ВЛ-35 кВ на Курино, Сураж, ТН-35кВ;110кВ Руба;10.08.2016;21.07.2024;0;1;0;0;0;0;0;0;1;0;0
Инструкция по эксплуатации устройств РЗА щита собственных нужд;ЩСН;110кВ Руба;17.08.2016;04.08.2024;0;0;0;0;0;0;0;0;0;0;0
Инструкция по эксплуатации устройств РЗА  и сигализации КЛ-6кВ, аппаратуры ТН-6кВ;Отходящей линии 6 кВ, ТН-6кВ, БПРУ-1, 2;110кВ Руба;26.08.2020;26.08.2024;0;1;0;0;0;0;0;0;1;0;0
Инструкция по эксплуатации устройств РЗА и сигнализации трансформатора №3;Т3, автоматика обдува Т3;110кВ Руба;02.11.2016;02.11.2024;0;1;0;0;0;0;0;0;1;0;0
Инструкция по эксплуатации РЗА трансформатора Т4 и КРУН-10кВ;Т4, ТН-10 кВ 1 с-10 кВ, РПН Т4, Отходящей линии 10 кВ, ЗДЗ 1 с-10 кВ;110кВ Руба;30.03.2021;30.03.2025;0;1;0;0;0;0;0;0;1;0;0
Инструкция по эксплуатации РЗАИ СМВ-10кВ;СМВ-10 кВ, АВР-10 кВ;110кВ Сватовка;19.06.2019;19.06.2023;0;1;0;0;0;0;1;0;0;0;0
Инструкция по эксплуатации центральной сигнализации;Центральная сигнализация ОПУ, КРУН;110кВ Сватовка;19.06.2019;19.06.2023;0;1;0;0;0;0;1;0;0;0;0
Инструкция по эксплуатации электромагнитной блокировки;Электромагнитной блокировки;110кВ Сватовка;19.06.2019;19.06.2023;0;1;0;0;0;0;1;0;0;0;0
Инструкция по эксплуатации устройств оперативного тока;Выпрямленного опертока,БПНС-1, 2,БПТ-1, 2,БПН-1, 2, переменный оперток КРУН;110кВ Сватовка;19.06.2019;19.06.2023;0;1;0;0;0;0;1;0;0;0;0
Инструкция по эксплуатации устройств определения места повреждения в сети 110кВ;ЛИФП-А СМВ-110 кВ,ЛИФП-В ТН-110 кВ 1 и 2с-110 кВ;110кВ Сватовка;09.07.2019;09.07.2023;1;1;0;0;0;0;1;0;0;0;0
Инструкция по эксплуатации устройств РЗА отходящих линий 10кВ, ТН-10кВ 1, 2с, ЗДЗ1, 2с 10кВ;ВЛ-10 кВ,ТН-10кВ,ЗДЗ;110кВ Сватовка;24.10.2019;24.10.2023;0;1;0;0;0;0;1;0;0;0;0
Инструкция по эксплуатации устройств РЗАИ трансформаторов Т-1, Т-2;Т1,Т2, АРН Т-1(2), автоматики обдува Т1, Т-2;110кВ Сватовка;22.06.2020;22.06.2024;0;1;0;0;0;0;1;0;0;0;0
Инструкция по эксплуатации вторичных цепей ТН-110кВ;ТН-110 кВ 1 и 2 с-110 кВ;110кВ Сватовка;08.11.2016;09.11.2024;1;1;0;0;0;0;1;0;0;0;0
Инструкция по эксплуатации АЧР с АПВЧ;АЧР с ЧАПВ;110кВ Сватовка;27.11.2020;27.11.2024;1;1;0;0;0;0;1;0;0;0;0
Инструкция по эксплуатации устройств РЗАИ;Т1, АРН, ТН-10кВ, отходящая линия, ЗДЗ, ЦС, АЧР, СН;110кВ Слобода;19.02.2016;19.02.2024;0;1;0;0;0;0;0;1;0;0;0
Инструкция по эксплуатации центральной сигнализации ОПУ;Центральной сигнализации ОПУ;110кВ Соржица;14.02.2018;14.02.2026;0;1;0;0;0;0;1;0;0;0;0
Инструкция по эксплуатации устройств релейной защиты, автоматики, управления и сигнализации СМВ-110кВ;СМВ-110 кВ, ВЛ-110 кВ на Бешенковичи, ВЛ-110 кВ на Витебскую ТЭЦ;110кВ Соржица;10.04.2018;15.03.2026;1;1;0;0;0;0;1;0;0;0;0
Инструкция по эксплуатации электромагнитной блокировки;Электромагнитной блокировки;110кВ Соржица;19.06.2019;19.06.2023;0;1;0;0;0;0;1;0;0;0;0
Инструкция по эксплуатации устройств РЗАИ Т-ра Т-1, отходящих линий 10кВ, ТН-10кВ, ЗДЗ-10кВ;ЗДЗ-10кВ, ТН-10кВ;110кВ Соржица;20.09.2019;20.09.2023;0;1;0;0;0;0;1;0;0;0;0
Инструкция по эксплуатации вторичных цепей ТН-110кВ;ТН-110 кВ 1 и 2 с-110 кВ;110кВ Соржица;03.03.2016;18.02.2024;1;1;0;0;0;0;1;0;0;0;0
Инструкция по эксплуатации устройства автоматического регулирования напряжения Т-1;АРН Т1;110кВ Соржица;04.11.2016;03.11.2024;0;1;0;0;0;0;1;0;0;0;0
Инструкция по эксплуатации АЧР с ЧАПВ;АЧР;110кВ Соржица;17.11.2020;17.11.2024;1;1;0;0;0;0;1;0;0;0;0
Инструкция по эксплуатации устройств оперативного тока на ПС 110/10кВ;;110кВ Соржица;27.11.2020;27.11.2024;0;0;0;0;0;0;0;0;0;0;0
Инструкция по эксплуатации источников оперативного тока ОПУ;Выпрямленного опертока,БПН-1, 2,БПНС-1, 2,БПТ-1, 2,Переменного опертока;110кВ Соржица;27.11.2020;27.11.2024;0;1;0;0;0;0;1;0;0;0;0
Инструкция по эксплуатации устройств автоматики, управления и сигнализации СМВ-110кВ и аппаратуры            ТН-110кВ;СМВ-110кВ, ТН-110кВ, Опер. Ток, Сигнализация;110кВ Старое Село;08.12.2017;02.12.2025;1;1;0;0;0;1;0;0;0;0;0
Инструкция по эксплуатации устройств РЗАИ трансформатора Т-1;Т1, НЗТ Т-1;110кВ Старое село;10.11.2021;10.11.2025;0;1;0;0;0;1;0;0;0;0;0
Инструкция по эксплуатации устройств РЗАИ СВВ-10кВ;СВВ-10 кВ, АВР-10 кВ;110кВ Старое село;29.07.2019;29.07.2023;0;1;0;0;0;1;0;0;0;0;0
Инструкция по эксплуатации устройств РЗАИ трансформатора Т-2;Т2, НЗТ Т-2;110кВ Старое село;23.10.2015;16.10.2023;0;1;0;0;0;1;0;0;0;0;0
Инструкция по эксплуатации РЗАИ фидеров 10кВ, ТН-10кВ, ЦС, АЧР;Отходящей линии 10 кВ,  ТН-10кВ, ЦС, АЧР;110кВ Старое село;22.11.2019;22.11.2023;0;1;0;0;0;1;0;0;0;0;0
Инструкция по эксплуатации РЗАИ щита собственных нужд;ЩСН, ТН-110кВ 1 и 2с, оперток;110кВ Старое село;10.12.2019;10.12.2023;0;1;0;0;0;1;0;0;0;0;0
Инструкция по эксплуатации устройства АРН Т1,Т2;АРН Т1,Т2;110кВ Старое село;16.10.2020;16.10.2024;0;1;0;0;0;1;0;0;0;0;0
Инструкция по эксплуатации устройств РЗАИ щита собственных нужд;ЩСН;110кВ Суражская;15.11.2021;15.11.2025;0;1;0;0;0;0;0;0;0;0;0
Инструкция по эксплуатации устройств РЗАИ ВВ-10кВ отходящих линий, РЗН-10кВ, аппаратуры ТН-10кВ(с АЧР), ЗДЗ, опер. Блокировки;ВВ-10кВ отходящих линий, РЗН-10кВ, аппаратура ТН-10кВ (с АЧР), ЗДЗ, опер. Блокировка;110кВ Суражская;15.11.2021;15.11.2025;0;1;0;0;0;0;0;0;0;0;0
Инструкция по эксплуатации устройств РЗАИ Т-1 и Т-2;Т1 и Т2;110кВ Суражская;15.11.2021;15.11.2025;0;1;0;0;0;0;0;0;0;0;0
Инструкция по эксплуатации устройств РЗАИ щита постоянного тока;ЩПТ;110кВ Суражская;27.12.2017;30.11.2025;0;1;0;0;0;0;0;0;0;0;0
Инструкция по эксплуатации ДЗШ-10кВ 1,2,3,4с;ДЗШ-10кВ;110кВ Суражская;14.02.2018;04.02.2026;0;1;0;0;0;0;0;0;0;0;0
Инструкция по эксплуатации АРН Т-1, Т-2;АРН Т-1, Т-2;110кВ Суражская;03.02.2015;27.05.2026;0;1;0;0;0;0;0;0;0;0;0
Инструкция по эксплуатации устройств электромагнитной блокировки;Электромагнитная блокировка;110кВ Суражская;16.02.2021;16.02.2025;0;1;0;0;0;0;0;0;0;0;0
Инструкция по эксплуатации устройств релейной защиты, автоматики, управленияи сигнализации ЩСН;ЩСН;110кВ Технологическая;10.11.2021;10.11.2025;0;1;0;0;0;0;0;0;0;0;0
Инструкция по эксплуатации устройств автоматической частотной разгрузки  (АЧР с АПВЧ) и дополнительной аварийной разгрузки по напряжению (ДАРН с АПВ ДАРН);АЧР, ДАРН;110кВ Технологическая;23.05.2019;23.05.2023;1;1;0;0;0;0;0;0;0;0;0
Инструкция по эксплуатации устройств РЗАИ трансформаторов Т-1, Т-2;Т-1, Т-2;110кВ Технологическая;21.06.2016;28.05.2024;0;1;0;0;0;0;0;0;0;0;0
Инструкция по эксплуатации устройств РЗАИ ВЛ-35кВ, ТН-35кВ;ВЛ-35 кВ на Аэропорт, ВЛ-35 кВ на Осётки, ТН-35 кВ 1 и 2 с-35 кВ;110кВ Технологическая;11.06.2020;11.06.2024;0;1;0;0;0;0;0;0;0;0;0
Инструкция по эксплуатации устройства АВР;АВР-10 кВ, АВР Т1;110кВ Технологическая;26.08.2020;26.08.2024;0;1;0;0;0;0;0;0;0;0;0
Инструкция по эксплуатации  устройств центральной сигналиации,релейной защиты, автоматики, у правления и сигнализации СМВ-10,35кВ, МВ(ВВ) - 10кВ 1-4с КЛ-10кВ, ТН-10,35кВ, блока питания БПРУ на ПС 110/35/10кВ;ЦС,СМВ-10,35кВ, ВВ(МВ)-10кВ, ТН-10,35кВ, БПРУ;110кВ Технологическая;01.11.2016;27.10.2024;0;1;0;0;0;0;0;0;0;0;0
Инструкция по эксплуатации устройств РЗАИ трансформатора Т-3;Т-3;110кВ Технологическая;01.11.2016;27.10.2024;0;1;0;0;0;0;0;0;0;0;0
"Инструкция по эксплуатации системы автоматичнской компенсации емкостных токов на замыкание на ""землю"" в электрических сетях 10кВ";ДГК, БАНК;110кВ Технологическая;25.02.2021;25.02.2025;0;1;0;0;0;0;0;0;0;0;0
Инструкция по эксплуатации системы оперативного постоянного тока;ВУ, ЩПТ;110кВ Технологическая;26.02.2021;26.02.2025;0;1;0;0;0;0;0;0;0;0;0
Инструкция по эксплуатации устройств РЗАИ 5 и 6с 10кВ;КЛ-10кВ 5 и 6с, СВВ-10кВ №5 и 6, ввода 5 и 6с, КЛ-522, 527, ТН-10кВ, ЗДЗ, ЭМБ, оперток 5 и 6с;110кВ Технологическая;04.03.2021;04.03.2025;0;1;0;0;0;0;0;0;0;0;0
Инструкция по эксплуатации устройств РЗАИ;Т1,Т2,АРН Т1,ВЛ-35 кВ на Шумилино и Красное,ТН-35 кВ 1 с-35 кВ,ТН-35 кВ ВЛ-35 кВ на Шумилино,СВВ-10 кВ,ВЛ-10кВ,ТН-10кВ,ЗДЗ,АЧР,СНЦС;110кВ Улла;17.02.2020;17.02.2024;0;1;0;0;0;0;1;0;0;0;0
Инструкция по эксплуатации устройств регулирования напряжения Т-1;АРН Т-1;110кВ Улла;28.09.2016;28.09.2024;0;1;0;0;0;0;1;0;0;0;0
Инструкция по эксплуатации устройств определения места повреждения в сети 10кВ;ТПФ ПУМА 2300;110кВ Улла;26.04.2021;26.04.2025;0;1;0;0;0;0;1;0;0;0;0
Инструкция по эксплуатации устройств регулирования напряжения Т-1, Т-2;РПН Т-1, Т-2;110кВ Хайсы;06.05.2016;17.04.2024;0;1;0;0;0;1;0;0;0;0;0
Инструкция по эксплуатации устройств РЗАИ;Т-1, Т-2, СВВ-10кВ, отх.линия 10кВ, ТН-10кВ, АЧР,ТСН, оперток, ЦС, ФИП;110кВ Хайсы;22.06.2020;22.06.2024;0;1;0;0;0;1;0;0;0;0;0
Инструкция по эксплуатации системы оперативного постоянного тока;ЩПТ, постоянного опертока, ВАЗП-1, 2;110кВ Чепино;02.04.2018;15.03.2026;0;1;0;0;0;0;0;0;0;0;0
Инструкция по эксплуатации  Устройств РЗАИ ТН-35кВ, ВЛ-35кВ на Городок;ТН-35 кВ ВЛ-35 кВ на Городок;110кВ Чепино;31.05.2018;17.05.2026;0;1;0;0;0;0;0;0;0;0;0
Инструкция по эксплуатации устройств РЗАИ СВВ-10кВ 1-2с-10кВ;СВВ-10 кВ № 1, 2;110кВ Чепино;31.05.2018;17.05.2026;0;1;0;0;0;0;0;0;0;0;0
Инструкция по эксплуатации устройств РЗАИ СВВ-10кВ 3 и 4с 10кВ;СВВ-10 кВ № 3, 4;110кВ Чепино;03.10.2018;03.10.2022;0;1;0;0;0;0;0;0;0;0;0
Инструкция по эксплуатации устройств РЗАИ линий 10кВ с ВВ-10кВ 3 и 4с 10кВ;ВЛ-10кВ 3 и 4с;110кВ Чепино;03.10.2018;03.10.2022;0;1;0;0;0;0;0;0;0;0;0
Инструкция по эксплуатации аппаратуры ТН-10кВ 3 и 4с-10кВ, дуговой защиты, АЧР и электромагнитной блокировки 3 и 4с-10кВ;ТН-10 кВ, ЗДЗ, АЧР и ЭМБ 3, 4 с;110кВ Чепино;03.10.2018;03.10.2022;0;1;0;0;0;0;0;0;0;0;0
Инструкция по эксплуатации устройств РЗАИ трансформатора Т1;Т1, ВЛ-35 кВ на Городок;110кВ Чепино;15.07.2015;26.06.2023;0;1;0;0;0;0;0;0;0;0;0
Инструкция по эксплуатации устройств РЗАИ трансформатора Т2;Т2;110кВ Чепино;15.07.2015;26.06.2023;0;1;0;0;0;0;0;0;0;0;0
Инструкция по эксплуатации защиты от дуговых замыканий, логической защиты шин и устройства резервирования отказа выключателя 3 и 4с 10кВ;ЗДЗ,ЛЗШ,УРОВ 3, 4 с-10 кВ;110кВ Чепино;26.06.2019;26.06.2023;0;1;0;0;0;0;0;0;0;0;0
Инструкция по эксплуатации центральной сигнализации;Центральной сигнализации;110кВ Чепино;08.08.2019;08.08.2023;0;1;0;0;0;0;0;0;0;0;0
Инструкция по эксплуатации устройства регулирования напряжения трансформатора Т1 Т2 10мВА;АРН Т1,Т2;110кВ Чепино;10.10.2019;10.10.2023;0;1;0;0;0;0;0;0;0;0;0
Инструкция по эксплуатации электромагнитной блокировки разъединителей;Электромагнитной блокировки;110кВ Чепино;04.11.2020;04.11.2024;0;1;0;0;0;0;0;0;0;0;0
Инструкция по эксплуатации индикатора ИМФ ВЛ-35кВ Чепино-Городок;ИМФ ВЛ-35 кВ на Городок;110кВ Чепино;09.11.2020;09.11.2024;0;1;0;0;0;0;0;0;0;0;0
"Инструкция по работе на ПЭВМ ПТК ""Сириус"" при отыскании однофазного замыкания на землю при помощи УЗГ";УЗГ-УЗГК;110кВ Чепино;11.01.2021;11.01.2025;0;1;0;0;1;0;0;0;0;0;0
Инструкция по эксплуатации РЗАИ линий 10кВ, защиты от дуговых замыканий, ТН-10кВ 1 и 2с 10кВ, АЧР 1-4с 10кВ;ВЛ-10, ЗДЗ,ТН,АЧР 1-4с;110кВ Чепино;03.02.2021;03.02.2025;1;1;0;0;0;0;0;0;0;0;0
"Инструкция по компенсации емкостных токов замыкания на ""землю"" в сети 10 кВ";ДГК;110кВ Чепино;19.02.2021;19.02.2025;0;1;0;0;0;0;0;0;0;0;0
Инструкция по эксплуатации РЗАИ ЩСН;ЩСН;110кВ Чепино;02.03.2021;02.03.2025;0;1;0;0;0;0;0;0;0;0;0
Инструкция по эксплуатации электромагнитной блокировки;Электромагнитной блокировки;110кВ Шумилино;04.11.2021;04.11.2025;0;1;0;0;0;0;0;1;0;0;0
"Инструкция по эксплуатации устройств релейной защиты, управления и сигнализации 
ВЭ-110кв ВЛ-110кв на Витебскую ТЭЦ";ВЛ-110 кВ на Витебскую ТЭЦ;110кВ Шумилино;04.11.2021;04.11.2025;0;1;0;0;0;0;0;1;0;0;0
"Инструкция по работе с цифровым регистратором электрических процессов ""ПАРМА"" и универсальной программой просмотра, анализа и печати данных TRANSKOP для определения мест повреждений на ВЛ-110кВ";Аварийного регистратора;110кВ Шумилино;10.11.2021;10.11.2025;1;1;0;0;0;0;0;1;0;0;0
Инструкция по эксплуатации устройств РЗА, управления и сигнализации ВЛ-110кВ Шумилино-Мясокомбинат;ВЛ-110 кВ на Мясокомбинат;110кВ Шумилино;10.04.2018;15.03.2026;1;1;0;0;0;0;0;1;0;0;0
Инструкция по эксплуатации устройств РЗА, управления и сигнализации ВЛ-110кВ Шумилино-Плиговка;ВЛ-110 кВ на Плиговку;110кВ Шумилино;22.10.2021;22.10.2025;1;1;0;0;0;0;0;1;0;0;0
Инструкция по эксплуатации устройств РЗАИ СВВ-35кВ, ВЛ-35кВ на Мишневичи, Бешенковичи, Ловжу и ТН-35кВ;СВВ-35 кВ, ВЛ-35 кВ на Ловжу и на Мишневичи, Бешенковичи, ТН-35кВ;110кВ Шумилино;07.08.2018;07.08.2022;0;1;0;0;0;0;0;1;0;0;0
Инструкция по эксплуатации устройств релейной защиты, автоматики, управления и сигнализации СОВЭ-110кВ;СОВЭ-110 кВ;110кВ Шумилино;28.02.2019;22.02.2023;1;1;0;0;0;0;0;1;0;0;0
Инструкция по эксплуатации устройств ЦС;Центральной сигнализации;110кВ Шумилино;21.08.2019;21.08.2023;0;1;0;0;0;0;0;1;0;0;0
Инструкция по эксплуатации устройств регулирования напряжения трансформаторов Т-1 и Т-2;АРН Т1, Т2;110кВ Шумилино;21.08.2019;17.09.2023;0;1;0;0;0;0;0;1;0;0;0
Инструкция по эксплуатации защит, сигнализации и автоматики ЩСН;ЩСН;110кВ Шумилино;29.10.2019;29.10.2023;0;1;0;0;0;0;0;1;0;0;0
Инструкция по эксплуатации устройств РЗА, управления и сигнализации трансформатора Т-1 и Т-2;Т-1, Т-2;110кВ Шумилино;14.11.2019;14.11.2023;0;1;0;0;0;0;0;1;0;0;0
Инструкция по эксплуатации дифференциальной защиты шин 110кВ;ДЗШ-110 кВ;110кВ Шумилино;19.02.2020;19.02.2024;1;1;0;0;0;0;0;0;0;0;0
Инструкция по эксплуатации УРОВ-110кВ;УРОВ-110 кВ 1 и 2 с-110 кВ;110кВ Шумилино;19.02.2020;19.02.2024;1;1;0;0;0;0;0;1;0;0;0
Инструкция по эксплуатации АЧР и аппаратуры ТН-35кВ 1(2) с 35кВ;ТН-35кВ 1(2) с 35кВ;110кВ Шумилино;05.03.2020;05.03.2024;0;1;0;0;0;0;0;1;0;0;0
Инструкция по эксплуатации устройств РЗА отходящих линий 10кВ, СМВ-10кВ, ТН-10кВ 1,2с., ЗДЗ 1,2с 10кВ;Отходящей линии 10 кВ, СМВ-10кВ, ТН-10кВ, ЗДЗ-10кВ;110кВ Шумилино;12.03.2020;12.03.2024;0;1;0;0;0;0;0;1;0;0;0
Инструкция по эксплуатации устройств определения места повреждения в сети 110кВ;ПУМА1100 на Мясокомбинат, на Плиговку, на Вит.ТЭЦ;110кВ Шумилино;08.11.2016;03.11.2024;1;1;0;0;0;0;0;1;0;0;0
Инструкция по эксплуатации ЦС (в ОПУ-2);ОПУ-2;110кВ Шумилино;04.11.2020;04.11.2024;0;1;0;0;0;0;0;1;0;0;0
Инструкция по эксплуатации системы постоянного оперативного тока;ЩПТ, схема распределения, ВАЗП-1, 2;110кВ Шумилино;06.01.2017;17.12.2024;0;1;0;0;0;0;0;1;0;0;0
Инструкция по эксплуатации ТН-110кВ;ТН-110 кВ 1 и 2 с-110 кВ, ОСШ;110кВ Шумилино;19.02.2021;19.02.2025;1;1;0;0;0;0;0;1;0;0;0
"Инструкция по компенсации емкостных токов замыкания на ""землю"" в сети 10 кВ";Автоматика ДГК-10 кВ;110кВ Шумилино;19.02.2021;19.02.2025;0;1;0;0;0;0;0;1;0;0;0
"Инструкция по эксплуатации системы отбора и утилизации тепла от АТ-2 для отопления помещений ПС 330кВ ""Витебская""";Отбор тепла от АТ-2;330кВ Витебская;18.02.2019;18.02.2023;1;0;1;0;0;0;0;0;0;0;0
Инструкция по эксплуатации устройств РЗА ЗРУ-10кВ;ВЛ-10кВ, ТН-10 кВ, СВВ-10кВ, АВР-10кВ, АЧР-АПВЧ;330кВ Витебская;09.02.2017;02.12.2025;0;1;1;0;0;1;0;0;0;0;0
Инструкция по отысканию повреждения в цепях оперативного тока;САПФИР;330кВ Витебская;02.04.2018;31.03.2026;0;0;1;0;0;0;0;0;0;0;0
Инструкция по эксплуатации устройств РЗА, управления и сигнализации ВЛ-330кВ №348 на Лукомльскую ГРЭС;ВЛ-348;330кВ Витебская;19.12.2017;02.12.2025;1;0;1;0;0;0;0;0;0;0;0
Инструкция по эксплуатации аварийных регистраторов №1 и №2;Аварийные регистраторы №1 и 2;330кВ Витебская;19.12.2017;02.12.2025;1;0;1;0;0;0;0;0;0;0;0
Инструкция по эксплуатации защит от асинхронного хода;САПАХ ВЛ-349, ЗАХ-5Ц;330кВ Витебская;19.12.2017;02.12.2025;1;0;1;0;0;0;0;0;0;0;0
Инструкция по эксплуатации подменного комплекта дистанционной защиты ДЗ-503 ВЛ-330кВ;ДЗ-503 (подменный комплект);330кВ Витебская;19.12.2017;02.12.2025;1;0;1;0;0;0;0;0;0;0;0
Инструкция по эксплуатации устройств РЗА, управления и сигнализации ШСВЭ-110кВ;ШСВЭ-110 кВ;330кВ Витебская;19.12.2017;02.12.2025;1;0;1;0;0;0;0;0;0;0;0
Инструкция по эксплуатации устройств РЗА, управления и сигнализации ВЛ-110кВ на БелГРЭС;ВЛ-110 кВ на БелГРЭС;330кВ Витебская;19.12.2017;02.12.2025;1;0;1;0;0;0;0;0;0;0;0
Инструкция по эксплуатации устройств РЗА, управления и сигнализации ВЛ-110кВ №1 на Витебск-Северную;ВЛ-110 кВ № 1 на Витебск-Северную;330кВ Витебская;19.12.2017;02.12.2025;1;0;1;0;0;0;0;0;0;0;0
Инструкция по эксплуатации устройств РЗА, управления и сигнализации ВЛ-110кВ №2 на Витебск-Северную;ВЛ-110 кВ №2 на Витебск-Северную;330кВ Витебская;19.12.2017;02.12.2025;1;0;1;0;0;0;0;0;0;0;0
Инструкция по эксплуатации устройств РЗА, управления и сигнализации ВЛ-110кВ на Лиозно;ВЛ-110 кВ на Лиозно;330кВ Витебская;19.12.2017;02.12.2025;1;0;1;0;0;0;0;0;0;0;0
Инструкция по эксплуатации устройств противоаварийной автоматики (ДА-1, ДА-2, ДА-3);ДА-1, ДА-2, ДА-3;330кВ Витебская;19.12.2017;02.12.2025;1;0;1;0;0;0;0;0;0;0;0
Инструкция по эксплуатации РЗАИ щита собственных нужд;ЩСН;330кВ Витебская;19.12.2017;02.12.2025;0;0;1;0;0;0;0;0;0;0;0
Инструкция по эксплуатации статических выпрямительных устройств СВУ-220-80-УХЛ4;СВУ-1,2;330кВ Витебская;19.12.2017;02.12.2025;0;0;1;0;0;0;0;0;0;0;0
"Инструкция по функциональной задаче КТС АРМ ""Автоматический контроль исправности цепей оперативной блокировки""";"Функ.задача КТС АРМ ДПС ""Авт.контроль испр.ОБ""";330кВ Витебская;19.12.2017;02.12.2025;0;0;1;0;0;0;0;0;0;0;0
Инструкция по эксплуатации устройства ОАПВ ВЛ-330кВ №349 на Талашкино;АПВ-503 ВЛ-349;330кВ Витебская;19.12.2017;09.12.2025;1;0;1;0;0;0;0;0;0;0;0
"Инструкция по эксплуатации устройств РЗА, управления и сигнализации ВЛ-330кВ №349 на ""Талашкино""";ВЛ-349;330кВ Витебская;25.02..2015;02.12.2025;1;0;1;0;0;0;0;0;0;0;0
Инструкция по проверке ВЧ канала ДФЗ-504 ВЛ-349;ВЧ канал;330кВ Витебская;18.02.2019;18.02.2023;1;0;1;0;0;0;0;0;0;0;0
Инструкция по эксплуатации вторичных цепей напряжения ТН-330кВ;ТН-330 кВ сборки ВЛ-348, 349, 1и2 СШ;330кВ Витебская;08.05.2018;18.04.2026;1;0;1;0;0;0;0;0;0;0;0
Инструкция по эксплуатации устройств РПН АТ-1, АТ-2, АТ-3;РПН, АРН АТ-1, 2, 3;330кВ Витебская;10.07.2018;10.07.2022;1;0;1;0;0;0;0;0;0;0;0
Инструкция по эксплуатации вторичных цепей напряжения ТН-110кВ;ТН-110 кВ 1 и 2 СШ-110 кВ;330кВ Витебская;08.11.2018;08.11.2022;1;0;1;0;0;0;0;0;0;0;0
Инструкция по эксплуатации АНКА приемника 120 кГц ВЛ-349;АНКА приемник 120 кГц ВЛ-349;330кВ Витебская;18.02.2019;18.02.2023;1;0;1;0;0;0;0;0;0;0;0
Инструкция по эксплуатации устройств РЗА группы автотрансформаторов №1,2    330/110/10кВ;АТ-1,2;330кВ Витебская;18.02.2019;18.02.2023;1;0;1;0;0;0;0;0;0;0;0
Инструкция по эксплуатации системы охлаждения АТ-1, АТ-2;ШАОТ АТ-1,2;330кВ Витебская;18.02.2019;18.02.2023;0;0;0;0;0;0;0;0;0;0;0
Инструкция по эксплуатации устройств РЗА автотрансформатора №3 330/110/10кВ;АТ-3;330кВ Витебская;18.02.2019;18.02.2023;1;0;1;0;0;0;0;0;0;0;0
Инструкция по проверке ВЧ канала ДФЗ-504 ВЛ-349;ВЧ канал ДФЗ-504 ВЛ-349;330кВ Витебская;18.02.2019;18.02.2023;1;0;1;0;0;0;0;0;0;0;0
Инструкция по эксплуатации утстройств РЗА, управления и сигнализации ВЛ-110кВ на Журжево;ВЛ-110кВ на Журжево;330кВ Витебская;29.04.2022;29.04.2026;1;0;1;0;0;0;0;0;0;0;0
"Инструкция по функциональной задаче КТС АРМ ДПС ""Контроль напряжения нулевой последовательности ТН"",  ""Контроль токов небаланса дифзащит""";"Функ.задача КТС АРМ ДПС ""Контроли ННП,ИОТ,ТНДиф.защит""";330кВ Витебская;18.03.2019;18.03.2023;0;0;1;0;0;0;0;0;0;0;0
"Инструкция по функциональной задаче КТС АРМ  ""Автоматическое регулирование напряжения на шинах 110кВ""";"Функ.задача КТС АРМ ""АРН на шинах 110кВ""";330кВ Витебская;18.03.2019;18.03.2023;0;0;1;0;0;0;0;0;0;0;0
"Инструкция по функциональной задаче КТС АРМ ""Автоматическое управление охлаждением АТ-1,2,3""";"Функ.задача КТС АРМ ""автомат.управл.охлажд.АТ-1,2,3""";330кВ Витебская;18.03.2019;18.03.2023;0;0;1;0;0;0;0;0;0;0;0
Инструкция по предупреждению и тушению пожаров, по эксплуатации устройств и системы пожаротушения АТ-3;Пожаротушение АТ-3;330кВ Витебская;12.08.2019;12.08.2023;0;0;1;0;0;0;0;0;0;0;0
Инструкция по эксплуатации устройств релейной защиты, автоматики, управления и сигнализации ВЛ-110кВ на Верховье;ВЛ-110 кВ на Верховье;330кВ Витебская;14.03.2022;14.03.2026;1;0;1;0;0;0;0;0;0;0;0
"Инструкция по эксплуатации устройств РЗА, управления и сигнализации ВЛ-110кВ на ""Лучёсу""";ВЛ-110кВ на Лучёсу;330кВ Витебская;03.08.2020;03.08.2024;1;0;1;0;0;0;0;0;0;0;0
Инструкция по эксплуатации аварийного регистратора №3;Аварийный регистратор №3;330кВ Витебская;03.08.2020;03.08.2024;1;0;1;0;0;0;0;0;0;0;0
Инструкция по эксплуатации РЗА, управления и сигнализации ОВЭ-110кВ;ОВЭ-110 кВ, ТН-110 кВ ОСШ-110 кВ;330кВ Витебская;04.08.2020;04.08.2024;1;0;1;0;0;0;0;0;0;0;0
Инструкция по эксплуатации устройств РЗА, управления и сигнализации ВЛ-110кВ на Мошканы;ВЛ-110 кВ на Мошканы;330кВ Витебская;14.08.2020;14.08.2024;1;0;1;0;0;0;0;0;0;0;0
Инструкция по эксплуатации устройства передачи команд  ПА АК «Тритон» на РК «Северная» на ПС 330кВ «Витебская»;"""Тритон""";330кВ Витебская;16.10.2020;16.10.2024;1;1;1;0;0;0;0;0;0;0;0
Инструкция по эксплуатации устройств релейной защиты, автоматики, управления и сигнализации ВЛ-110кВ на Рубу;ВЛ-110 кВ на Рубу;330кВ Витебская;09.12.2020;09.12.2024;1;0;1;0;0;0;0;0;0;0;0
Инструкция по эксплуатации РЗА и сигнализации ВЛ-110 кВ на Вит. ГЭС;ВЛ-110кВ на Вит. ГЭС;330кВ Витебская;11.12.2020;11.12.2024;1;0;1;0;0;0;0;0;0;0;0
Инструкция по эксплуатации фиксирующих приборов ЛИФП, ПУМА, ФПТ ВЛ 10кВ-330кВ;ЛИФП, ПУМА, ФПТ.;330кВ Витебская;22.12.2020;22.12.2024;1;0;1;0;0;0;0;0;0;0;0
Инструкция по эксплуатации УРОВ-110кВ;УРОВ-110 кВ 1 и 2 с-110 кВ;330кВ Витебская;22.12.2020;22.12.2024;1;0;1;0;0;0;0;0;0;0;0
Инструкция по эксплуатации дифференциальной токовой защиты шин 110 кВ с фиксированным распределением элементов;ДЗШ-110 кВ 1 и 2 с-110 кВ;330кВ Витебская;22.12.2020;22.12.2024;1;0;1;0;0;0;0;0;0;0;0
Инструкция по проверке в/ч канала ВЧБ ВЛ-110кВ на Лучесу;ВЧ канал ВЧБ ВЛ-110кВ Лучеса-ПС 330кВ Витебская;330кВ Витебская;11.02.2021;11.02.2025;1;0;1;0;0;0;0;0;0;0;0
Инструкция по эксплуатации РЗА КЛ-10кВ №771 и №800;КЛ-771, КЛ-800;330кВ Витебская;10.03.2021;10.03.2025;0;0;1;0;0;1;0;0;0;0;0
Инструкция по эксплуатации автоматики прекращения асинхронного хода ВЛ-110кВ на Лиозно;АПАХ ВЛ-110 кВ на Лиозно;330кВ Витебская;12.03.2021;12.03.2025;1;0;1;0;0;0;0;0;0;0;0
Инструкция по эксплуатации системы охлаждения АТ-3 200 МВА;ШАОТ АТ-3;330кВ Витебская;12.03.2021;12.03.2025;1;0;1;0;0;0;0;0;0;0;0
Инструкция по эксплуатации РЗАИ и сигнализации щита постоянного тока;ЩПТ;330кВ Витебская;15.03.2021;15.03.2025;0;0;1;0;0;0;0;0;0;0;0
Инструкция по эксплуатации выпрямленного оперативного тока;выпрямленный оперативный ток;330кВ Витебская;15.03.2021;15.03.2025;0;0;1;0;0;0;0;0;0;0;0
Инструкция по проверке в/ч канала ВЧБ ВЛ-110кВ на В.ТЭЦ;ВЧБ ВЛ-110кВ  на ВитТЭЦ;330кВ Витебская;17.03.2021;17.03.2025;1;0;1;0;0;0;0;0;0;0;0
Инструкция по проверке в/ч канала ВЧБ ВЛ-110кВ на БелГРЭС;ВЧБ ВЛ-110кВ на БелГРЭС;330кВ Витебская;17.03.2021;17.03.2025;1;0;1;0;0;0;0;0;0;0;0
Инструкция по проверке в/ч канала ВЧБ ВЛ-110кВ на Мошканы;ВЧБ ВЛ-110кВ на Мошканы;330кВ Витебская;17.03.2021;17.03.2025;1;0;1;0;0;0;0;0;0;0;0
Инструкция по эксплуатации устройства РПН ВДТ АТ-2 и АТ-3;РПН, АРН (ВДТ) АТ-2, АТ-3;330кВ Витебская;12.04.2021;12.04.2025;0;0;1;0;0;0;0;0;0;0;0
Инструкция по эксплуатации УРОВ-330кВ ВЛ-349;УРОВ-330кВ;330кВ Витебская;15.04.2021;15.04.2025;0;0;1;0;0;0;0;0;0;0;0
Инструкция по эксплуатации дифференциальной защиты ошиновки 330кВ;ДЗО 1 и 2 СШ-330 кВ;330кВ Витебская;15.04.2021;15.04.2025;1;0;1;0;0;0;0;0;0;0;0
Инструкция по эксплуатации центральной сигнализации;Центральной сигнализации;330кВ Витебская;15.04.2021;15.04.2025;0;0;1;0;0;0;0;0;0;0;0
Инструкция по эксплуатации САОН АСБС;САОН;330кВ Витебская;27.05.2022;27.05.2026;1;0;1;0;0;0;0;0;0;0;0
Инструкция по эксплуатации устройств синхронизации;Синхронизация;330кВ Витебская;15.04.2021;15.04.2025;0;0;1;0;0;0;0;0;0;0;0
Инструкция по эксплуатации устройств РЗАИ СВВ-10кВ;СВВ-10 кВ;35кВ Аэропорт;14.01.2019;14.01.2023;0;1;0;0;0;1;0;0;0;0;0
Инструкция по эксплуатации устройств РЗАИ отходящих линий 10кВ;Отходящей линии 10 кВ;35кВ Аэропорт;23.10.2015;16.10.2023;0;1;0;0;0;1;0;0;0;0;0
Инструкция по эксплуатации устройств РЗАИ трансформаторов Т1 и Т2, ВЛ-35кВ, СМВ-35кВ, ТН-10кВ, ЦС, АВР-35кВ, опертока;Т1,Т2, СМВ-35 кВ, АВР-10-35, ВЛ-35 кВ на Стасево и Технологическую, ТН-10кВ, ЦС, СН, оперток;35кВ Аэропорт;07.06.2021;07.06.2025;0;1;0;0;0;1;0;0;0;0;0
Инструкция по эксплуатации устройств РЗАИ;Т1,2, АВР-10кВ, отходящей линии 10кВ, ТСН, СВВ-10кВ, СМВ-35кВ, ТН-10кВ, РПН Т1,2, ЦС, ФИП;35кВ Бабиновичи;25.11.2019;25.11.2023;0;1;0;0;0;0;0;0;0;1;0
Инструкция по эксплуатации устройств РЗАИ;Т1,Т2,ВЛ-35 кВ на Чашники,Бешенковичи,Котовщину,СМВ-35 кВ,АВР-35 кВ,ТН-35,ВЛ-10,СВВ-10,ТН-10,ЗДЗ,СН,ЦС;35кВ Бочейково;24.10.2019;24.10.2023;0;1;0;0;0;0;0;0;0;0;0
Инструкция по эксплуатации устройств определения мест повреждения в сети 10кВ;ТПФ ПУМА 2300;35кВ Бочейково;07.07.2021;07.07.2025;0;1;0;0;0;0;1;0;0;0;0
Инструкция по эксплуатации устройств релейной защиты, автоматики и сигнализации;Т1,Т2,СМВ-35,ТН-35,СВВ-10,ВЛ-10,ТН-10,ЦС,ШУ,СН,МВ-35 на Дуброво;35кВ Бычиха;16.02.2021;16.02.2025;0;1;0;0;0;0;0;0;0;0;1
Инструкция по эксплуатации устройств релейной защиты, автоматики, управления и сигнализации.;Т1,СМВ-35,ВЛ-10,ВЛ-35,ШОП,ТН-10,ТН-35,ФИП ПУМА,ЦС;35кВ Веляшковичи;12.07.2019;12.07.2023;0;1;0;0;0;0;0;0;0;1;0
Инструкция по эксплуатации устройств РЗА;Т1, ЦС, ТН-10кВ, СН, оперток,        ВЛ-10 кВ, ВЛ-35 кВ;35кВ Глушица;13.01.2021;13.01.2025;0;1;0;0;0;0;0;1;0;0;0
Инструкция по эксплуатации устройств РЗАИ;Т1, ВЛ-10кВ, ТН-10кВ, оперток, ТСН, ЦС, ОМП;35кВ Горяне;26.08.2020;26.08.2024;0;1;0;0;0;0;0;0;1;0;0
Инструкция по эксплуатации устройств РЗАИ;Т-1,МВ-35кВ,ТТ-35кВ,МВ-10кВ;35кВ Дрюково;24.03.2022;24.03.2026;0;1;0;0;0;1;0;0;0;0;0
Инструкция по эксплуатации устройств РЗАИ;Т1,Т2,СМВ-35,ТН-35,АВР 35,ВЛ-10,СМВ-10,ТН-10,СН,ШУ,ЦС;35кВ Езерище;11.01.2021;11.01.2025;0;1;0;0;0;0;0;0;0;0;1
Инструкция по эксплуатации устройств РЗАИ;Т1, Т2, РПН Т2, ВЛ-10кВ, СМВ-10кВ, СМВ-35кВ, ТН-10кВ, ТН-35кВ, оперток, центральная сигнализация;35кВ Ключегорская;16.02.2021;16.02.2025;0;1;0;0;0;0;0;0;0;0;1
Инструкция по эксплуатации устройств РЗАИ;Т-1, СВВ-35кВ, ТН-35кВ, ВЛ-10кВ, ТН-10кВ, оперток, ЩСН, ЦС, ЗДЗ 1с 10кВ;35кВ Курино;16.10.2015;24.09.2023;0;1;0;0;0;0;0;0;1;0;0
Инструкция по эксплуатации устройств РЗАИ;Т1, Т2, РПН Т1, СМВ-35кВ, ТН-35кВ 2с, СВВ-10кВ, АВР-10кВ, ВЛ-10кВ,ТН-10кВ, СН, оперток, ЦС;35кВ Ловжа;03.12.2019;03.12.2023;0;1;0;0;0;0;0;1;0;0;0
Инструкция по эксплуатации устройств релейной защиты, автоматики, управления и сигнализации;Т1, РПН Т1,ТН-10кВ, ВЛ-10кВ, ЦС, СН, оперток,АРН Т-1;35кВ Любичи;09.09.2021;09.09.2025;0;1;0;0;0;0;0;1;0;0;0
Инструкция по эксплуатации транслятора параметров фиксирующего (ТПФ) ПУМА-2300;ОМП на ВЛ-10кВ;35кВ Любичи;09.07.2019;09.07.2023;0;1;0;0;0;0;0;1;0;0;0
Инструкция по эксплуатации устройств РЗАИ;Т1,ВЛ10,ТН-10,ЦС,СН;35кВ Межа;15.09.2021;15.09.2025;0;1;0;0;0;0;0;0;0;0;1
Инструкция по эксплуатации устройств релейной защиты, автоматики, управления и сигнализации;МВ-10кВ, Т-2, МВ-35кВ,ТТ-10кВ, ОБР;35кВ Мишневичи;23.07.2021;23.07.2025;0;1;0;0;0;0;0;1;0;0;0
Инструкция по эксплуатации устройств РЗАИ;Т1, СМВ-35 кВ, ТН-10 кВ, ВЛ-10кВ, ЦС, опертока;35кВ Новоселки;04.05.2021;04.05.2025;0;1;0;0;0;0;0;0;1;0;0
Инструкция по эксплуатации транслятора параметров фиксипующего (ТПФ) ПУМА-2300;ФИП-10кВ;35кВ Осётки;09.07.2019;09.07.2023;0;1;0;0;0;1;0;0;1;0;0
Инструкция по эксплуатации устройств РЗАИ;Т1,РПН Т-1,ВЛ-10,оперток,ТН-10,ТН-35,ЦС,МВ-35 Руба-Сураж;35кВ Осетки;02.03.2021;02.03.2025;0;1;0;0;0;0;0;0;1;0;0
Инструкция по эксплуатации устройств РЗАИ;Т1,Т2,ВЛ-10кВ,ТН-10кВ,ТН-35кВ,ТСН,ЦС;35кВ Прудок;07.07.2021;07.07.2025;0;1;0;0;0;0;0;0;0;0;1
Инструкция по эксплуатации электромагнитной блокировки разъединителей;Электромагнитная блокировка;35кВ Прудок;19.04.2019;19.04.2023;0;1;0;0;0;0;0;0;0;0;1
Инструкция по эксплуатации устройств РЗАИ СМВ-35кВ;СМВ-35кВ;35кВ Прудок;02.11.2020;02.11.2024;0;1;0;0;0;0;0;0;0;0;1
Инструкция по эксплуатации устройств РЗА и сигнализации;ЦС, ТН-35 кВ 1 и 2 с-35 кВ, ТН-10 кВ 1 с-10 кВ, Т1, Переменного опертока, отходящей линии 10 кВ, ВЛ-35 кВ на Ключегорскую;35кВ Селище;27.08.2019;27.08.2023;0;1;0;0;0;0;0;0;0;0;1
Инструкция по эксплуатации устройств РЗАИ;Т1, РПН Т1, ТН-10-35кВ, СМВ-35кВ, МВ-35кВ на Аэропорт, ВВ-10кВ, СН и оперток, ЦС;35кВ Стасево;30.10.2019;30.10.2023;0;1;0;0;0;0;0;0;0;1;0
Инструкция по эксплуатации устройств РЗАИ;Т1, Т2, ТН-10кВ, ВЛ-10кВ, ЦС, ТН-35кВ, СМВ-35кВ, СВВ-10кВ, ОМП, оперток;35кВ Сураж;29.12.2020;29.12.2024;0;1;0;0;0;0;0;0;1;0;0
Инструкция по эксплуатации устройств релейной защиты, автоматики, управления и сигнализации;Т1, ВЛ-10кВ, ТН-10кВ, ТН-35кВ, ЦС, ВЛ-35кВ на Новосёлки, оперток;35кВ Хмельник;20.05.2020;20.05.2024;0;1;0;0;0;0;0;0;0;0;1
Инструкция по эксплуатации устройств РЗАИ;Т1, Т2, СМВ-35кВ, ТН-35кВ, ВЛ-10кВ, СВВ-10кВ, АВР-10кВ, ТН-10кВ, СН, оперток, ЦС, РПН Т2;35кВ Яновичи;23.11.2020;23.11.2024;0;1;0;0;0;0;0;0;1;0;0
Инструкция по эксплуатации зарядного устройства для АКБ дизель-генератора базы БРЭС;дизель-генератор;БРЭС;19.12.2018;19.12.2022;0;0;0;0;0;0;1;0;0;0;0
Инструкция по эксплуатации устройств РЗАИ реклоузеров ВВР-1, ВВР-3;Реклоузер 10кВ;ВВР-1, ВВР-3 ГРЭС;12.06.2020;12.06.2024;0;0;0;0;0;0;0;0;0;0;1
Инструкция по эксплуатации устройств РЗАИ реклоузеров ВВР-1, ВВР-3, ВВР-4, ВВР-5 ВСРЭС;реклоузер 10кВ;ВВР-1, ВВР-3, ВВР-4, ВВР-5 ВСРЭС;28.05.2021;28.05.2025;0;0;0;0;0;1;0;0;0;0;0
Инструкция по эксплуатации устройств РЗАИ реклоузеров ВВР-2 ВСРЭС;реклоузер 10кВ;ВВР-2 ВСРЭС;28.05.2021;28.05.2025;0;0;0;0;0;1;0;0;0;0;0
Инструкция по эксплуатации устройств РЗАИ реклоузера ВВР-2;ВВР;ВВР-2 ГРЭС;29.06.2020;29.06.2024;0;0;0;0;0;0;0;0;0;0;1
Инструкция по эксплуатации регистратора аварийных событий сети 110кВ;РАС;Витебская ГЭС;06.12.2021;06.12.2025;1;0;0;1;0;0;0;0;0;0;0
Инструкция по эксплуатации РЗАИ шкафов собственных нужд 0,4кВ;РЗА ШСН;Витебская ГЭС;10.11.2021;10.11.2025;0;0;0;1;0;0;0;0;0;0;0
Инструкция по эксплуатации РЗА СВЭ-110кВ и аппаратуры ТН-110кВ 1и2с;РЗА СВЭ 110кВ,ТН-110кВ 1 и 2с;Витебская ГЭС;10.11.2021;10.11.2025;0;1;0;1;0;0;0;0;0;0;0
Инструкция по эксплуатации устройств РЗАИ ЗДЗ ЗРУ-10кВ;ЗДЗ;Витебская ГЭС;01.12.2017;10.11.2025;0;1;0;1;0;0;0;0;0;0;0
Инструкция по эксплуатации РЗА, управления ВЭ-110кВ ВЛ-110кВ на Витебскую ТЭЦ;РЗА ВЛ-110кВ на  Витебскую ТЭЦ;Витебская ГЭС;24.04.2018;18.04.2026;1;1;0;1;0;0;0;0;0;0;0
Инструкция по эксплуатации устройств РЗАИ ВЭ-110кВ ВЛ-110кВ на ""Витебск-330""";"РЗА ВЛ-110кВ на ""Витебск 330кВ""";Витебская ГЭС;26.04.2018;18.04.2026;1;1;0;1;0;0;0;0;0;0;0
Инструкция по эксплуатации ДЗШ-10кВ 1,2с 10кВ;ДЗШ-10кВ 1 и 2с;Витебская ГЭС;10.12.2019;10.12.2023;1;1;0;1;0;0;0;0;0;0;0
Инструкция по эксплуатации устройств релейной защиты, автоматики, управления и сигнализации трансформаторов Т-1 и Т-2;РЗА Т-1 и Т-2;Витебская ГЭС;26.12.2019;26.12.2023;1;1;0;1;0;0;0;0;0;0;0
Инструкция по эксплуатации системы оперативного постоянного тока;ЩПТ;Витебская ГЭС;30.11.2017;03.11.2024;0;0;0;1;0;0;0;0;0;0;0
Инструкция по эксплуатации ДЗШ-110кВ и УРОВ-110кВ;ДЗШ-110кВ и УРОВ-110кВ;Витебская ГЭС;04.11.2020;04.11.2024;1;1;0;1;0;0;0;0;0;0;0
Инструкция по эксплуатации устройств РЗАИ ТН-10кВ;ТН-10кВ;Витебская ГЭС;28.12.2020;28.12.2024;1;1;0;1;0;0;0;0;0;0;0
Инструкция по эксплуатации электромагнитной блокировки;ЭМБ;Витебская ГЭС;28.12.2020;28.12.2024;0;1;0;1;0;0;0;0;0;0;0
Инструкция по эксплуатации релейной защиты, управления, сигнализации, системы возбуждения генераторов Г-1, Г-2, Г-3, Г-4;РЗА Г-1, 2, 3, 4;Витебская ГЭС;11.02.2021;11.02.2025;1;1;0;1;0;0;0;0;0;0;0
Инструкция по эксплуатации устройств РЗАИ ВВ-10кВ 3с, вводов Т1 (2), ТСН1,2,3,4, ВВ-10КВ ВЛ №854, СВВ1, СВВ2, АВР2,3с 10кВ ЗРУ-10кВ;РЗАИ ВВ-10кВ 3с, ТСН1,2,3,4, ВВ-10кВ ВЛ №854, СВВ1, СВВ2, АВР2,3с10кВ,ЗРУ-10кВ.;Витебская ГЭС;16.02.2021;16.02.2025;0;1;0;1;0;0;0;0;0;0;0
"Инструкция по эксплуатации счетчиков электроэнергии ""ГРАН-ЭЛЕКТРО СС-301"" на объекте ""Витебская ГЭС на реке Западная Двина""";ГРАН-ЭЛЕКТРО СС-301;Витебская ГЭС;22.06.2021;22.06.2025;0;0;0;1;0;0;0;0;0;0;0
Инструкция по эксплуатации устройств РЗАИ щита переменного тока;ЩСН;ДГЭС;24.12.2014;26.12.2022;0;1;0;0;0;0;0;0;0;1;0
Инструкция по эксплуатации основного и вспомогательного оборудования, систем управления, контроля, автоматики и защит;Г1, Г2, Т1, БСК, оперток, ЦС, ТН-6кВ, ВЛ-205, 209;ДГЭС;09.08.2019;09.08.2023;0;1;0;0;0;0;0;0;0;1;0
Инструкция по эксплуатации гидротехнических сооружений Добромыслянской гидроэлектростанции;;Добромыслянская ГЭС;23.03.2021;23.03.2024;0;0;0;0;0;0;0;0;0;0;0
"Инструкция по эксплуатации устройств РЗА ВВ-10кВ КРУН ""Пальминка""";ВВ-10кВ, оперток;"КТП-314 ""Пальминка"", КТП-312 ""Пальминка""";27.07.2020;27.07.2024;0;0;0;0;0;0;0;0;0;0;1
Инструкция по эксплуатации устройств АВР-10кВ;АВР;"КТПП-40 ""Комары""";29.06.2020;29.06.2024;0;0;0;0;0;1;0;0;0;0;0
Инструкция по обслуживанию газовой защиты трансформаторов оперативным персоналом;Газовая защита трансформаторов;Общеподстанционная;14.02.2022;14.02.2026;0;1;1;1;1;1;1;1;1;1;1
Инструкция по организации работ для определения мест повреждения на воздушных линиях электропередачи напряжением 110кВ и выше с помощью средств определения мест повреждения;ОМП-110кВ;Общеподстанционная;14.02.2022;14.02.2026;0;1;1;1;0;0;1;1;1;1;1
Инструкция по эксплуатации противоаварийной автоматики Витебского энергоузла.;САПАХ, АПАХ;Общеподстанционная;05.07.2019;05.07.2023;0;0;0;0;0;0;0;0;0;0;0
Инструкция по эксплуатации устройств определения места повреждения в сети 10-35кВ (ФПТ,УОМЗ);ФПТ,УОМЗ;Общеподстанционная ;19.06.2019;19.06.2023;0;1;1;0;0;1;1;0;0;0;1
Инструкция по эксплуатации устройств РЗАИ реклоузеров;РЗА ;Реклоузеры ;26.11.2018;26.11.2022;0;0;0;0;0;0;0;0;0;1;0
Инструкция по эксплуатации устройств РЗАИ;ввод 10кВ, СВВ-10кВ, отх. Линия 10кВ,АВР,ТН-10кВ;РП-1;19.02.2021;19.02.2025;0;0;0;0;0;0;0;0;0;0;1
Инструкция по эксплуатации устройств РЗАИ;Устройства РЗАИ;РП-10кВ Северный;01.04.2022;01.04.2026;0;1;0;0;0;0;0;0;0;0;0
Инструкция по обслуживанию устройств РЗА;МВ-10кВ, СМВ-10кВ;"РП-3 ""Копти""";11.06.2020;11.06.2024;0;0;0;0;0;1;0;0;0;0;0
Инструкция по эксплуатации устройств РЗАИ;ВВ-10кВ, СВ-10кВ;РП-6 Косачи;01.08.2019;01.08.2023;0;0;0;0;0;1;0;0;0;0;0
Инструкция по эксплуатации устройств СХТ;ВВ-10кВ, МВ-10кВ, ОМ-10кВ;РП-СХТ;17.07.2016;17.07.2024;0;0;0;0;0;0;0;0;0;1;0
Инструкция по эксплуатации устройств РЗАИ;ВН-10кВ;"ТП 413 ""Заольша""";17.02.2020;17.02.2024;0;0;0;0;0;0;0;0;0;1;0
Инструкция по эксплуатации устройств РЗАИ ТП-1000;ВВ-10 кВ;"ТП-1000 ""Лужесно""";24.04.2020;24.04.2024;0;0;0;0;0;1;0;0;0;0;0
Инструкция по эксплуатации устройств управления, сигнализации и электромагнитной оперативной блокировки ячейки с ВН-10кВ;ВН-10кВ;"ТП-102 ""Загородно""";03.01.2020;03.01.2024;0;0;0;0;0;0;0;0;0;1;0
Инструкция по эксплуатации устройств РЗА;Управление, защиты, автоматика, сигнализация;"ТП-1037 ""Бабиничи""";19.09.2018;19.09.2022;0;0;0;0;0;0;0;0;1;0;0
Инструкция по эксплуатации устройств РЗА;Управление, защиты, автоматика, сигнализация;"ТП-1212 ""Железняки""";19.09.2018;19.09.2022;0;0;0;0;0;0;0;0;1;0;0
Инструкция по эксплуатации устройств РЗА -10кВ, управления, сигнализации, электромагнитной блокировки ячеек с ВН-10кВ;ВН-10кВ;ТП-125;03.01.2020;03.01.2024;0;0;0;0;0;0;0;0;0;1;0
Инструкция по эксплуатации устройств управления, сигнализации и электромагнитной оперативной блокировки ячейки с ВН-10кВ;ВН-10кВ;"ТП-138 ""Иваньково""";27.12.2019;27.12.2023;0;0;0;0;0;0;0;0;0;1;0
Инструкция по эксплуатации устройств РЗАИ;ввод 10кВ, СВВ-10кВ;"ТП-16 ""Будники""";03.03.2020;03.03.2024;0;0;0;0;0;0;1;0;0;0;0
Инструкция по эксплуатации устройств АВР-10 кВ;АВР;"ТП-160 ""Мишковичи""";24.11.2020;24.11.2024;0;0;0;0;0;0;0;1;0;0;0
Инструкция по эксплуатации устройств РЗА ЛРЭС;РЗА;ЛРЭС;16.03.2022;16.03.2026;0;0;0;0;0;0;0;0;0;1;0
Инструкция эксплуатации устройств РЗАИ;Отходящая линия 10кВ, ввод 10кВ;"ТП-199 ""м.Летцы""";21.01.2020;21.01.2024;0;0;0;0;0;1;0;0;0;0;0
Инструкция по эксплуатации устройств АВР;АВР-10кВ, ввод 10кВ.;"ТП-199 ""м.Летцы""";21.01.2020;21.01.2024;0;0;0;0;0;1;0;0;0;0;0
Инструкция по эксплуатации устройств АВР;АВР;ТП-200 Малые Летцы;21.01.2020;21.01.2024;0;0;0;0;0;1;0;0;0;0;0
Инструкция по эксплуатации устройств РЗАИ;ВН-10кВ;"ТП-210 ""Зачерня""";11.02.2020;11.02.2024;0;0;0;0;0;0;0;0;0;1;0
Инструкция по эксплуатации устройств РЗАИ;Ввод 10кВ, отходящие линии 10кВ,микропроцессорные терминалы защит;"ТП-233 ""Надежино""";24.06.2016;24.06.2024;0;0;0;0;0;0;0;0;0;1;0
Инструкция по эксплуатации устройств РЗА;ВВ-10кВ;"ТП-239 ""Санники""";01.04.2019;01.04.2023;0;0;0;0;0;0;1;0;0;0;0
Инструкция по эксплуатации АВР-10 кВ;АВР-10 кВ;"ТП-252 ""Б.Летцы""";06.05.2021;06.05.2025;0;0;0;0;0;1;0;0;0;0;0
Инструкция по эксплуатации АВР-10 кВ;АВР-10 кВ;"ТП-262 ""Синицы""";09.08.2021;09.08.2025;0;0;0;0;0;0;1;0;0;0;0
Инструкция по эксплуатации устройств АВР-10 кВ;АВР;"ТП-265 ""Светлосельский""";24.11.2020;24.11.2024;0;0;0;0;0;0;1;0;0;0;0
Инструкция по эксплуатации устройств АВР - 10кВ;АВР;"ТП-268 ""Крынки""";09.07.2021;09.07.2025;0;0;0;0;0;0;0;0;0;1;0
Инструкция по эксплуатации устройств АВР-10кВ;ВН-10кВ;"ТП-280 ""Мерзляково""";26.07.2021;26.07.2025;0;0;0;0;0;0;0;0;0;1;0
Инструкция по эксплуатации устройств РЗА ВВ-10кВ;ВВ-10кВ, оперток;"ТП-288 ""Замшено""";28.02.2020;28.02.2024;0;0;0;0;0;0;0;0;0;1;0
"Инструкция по эксплуатации устройств РЗА-10 кВ ""Крупенино""";Ячейка ввода 10кВ 1 и 2 секции;"ТП-291 ""Крупенино""";09.08.2021;09.08.2025;0;0;0;0;0;0;1;0;0;0;0
Инструкция по эксплуатации устройств управления, сигнализации и электромагнитной оперативной блокировки ячеек с ВН-10кВ и СР-10кВ;Оперток,ВН,СР-10кВ,ОБР;"ТП-298 ""Зароново""";03.05.2016;27.12.2024;0;0;0;0;0;1;0;0;0;0;0
Инструкция по эксплуатации устройств РЗАИ;ВН-10 кВ;ТП-298 Зароново;03.05.2016;30.04.2024;0;0;0;0;0;1;0;0;0;0;0
Инструкция по эксплуатации устройств РЗАИ;АВР-10 кВ, РЗА;ТП-305 Ольгово;06.12.2019;06.12.2023;0;0;0;0;0;1;0;0;0;0;0
Инструкция по эксплуатации устройств АВР-10кВ;АВР, МВ-10кВ;"ТП-311 ""Высочаны""";30.06.2021;30.06.2025;0;0;0;0;0;0;0;0;0;1;0
Инструкция по эксплуатации устройств РЗА-10кВ;ввод 10кВ, ВВ-10кВ;"ТП-312 ""Подберезье""";21.01.2020;21.01.2024;0;0;0;0;0;1;0;0;0;0;0
Инструкция по эксплуатации устройств АВР-10 кВ;АВР;"ТП-321 ""Добея""";15.01.2021;15.01.2025;0;0;0;0;0;0;0;1;0;0;0
Инструкция по эксплуатации устройств АВР-10кВ  ;АВР;ТП-33 «Б. Стайки»;19.07.2021;19.07.2025;0;0;0;0;0;0;0;0;0;0;1
"Инструкция по эксплуатации устройств РЗА-10кВ ТП-332 ""Лиозно""";ЗМН, АВР-10 кВ, ВВ-10кВ;"ТП-332 ""Лиозно""";27.05.2021;27.05.2025;0;0;0;0;0;0;0;0;0;1;0
Инструкция по эксплуатации вторичных цепей управления ТП-235;Управление ВН-10;ТП-235;13.01.2020;13.01.2024;0;0;0;0;0;0;0;0;0;1;0
Инструкция по эксплуатации устройств РЗА;ввод 10 кВ,отх.линия 10 кВ, оперток;"ТП-333 ""Калиново""";19.10.2016;19.10.2024;0;0;0;0;0;1;0;0;0;0;0
Инструкция по эксплуатации устройств РЗА -10кВ, управления, сигнализации, электромагнитной блокировки ячеек с ВН-10кВ;ВН-10кВ;"ТП-335 ""Крынки""";27.12.2019;27.12.2023;0;0;0;0;0;0;0;0;0;1;0
Инструкция по эксплуатации устройств АВР-10кВ;АВР;"ТП-34 ""Шумилино""";09.08.2021;09.08.2025;0;0;0;0;0;0;0;1;0;0;0
Инструкция по эксплуатации устройств АВР-10 кВ;АВР;"ТП-370 ""Бабиничи""";03.03.2020;03.03.2024;0;0;0;0;0;0;0;0;1;0;0
Инструкция по эксплуатации устройств РЗА;ВВ-10кВ;"ТП-373 ""Белыновичи""";05.02.2019;05.02.2023;0;0;0;0;0;0;0;0;1;0;0
Инструкция по эксплуатации устройств РЗА;Управление, защиты, автоматика, сигнализация;"ТП-376 ""Камоски""";19.09.2018;19.09.2022;0;0;0;0;0;0;1;0;0;0;0
"Инструкция по эксплуатации устройств РЗАИ ТП-379 ""Войтово""";АВР-10кВ;"ТП-379 ""Войтово""";23.07.2021;23.07.2025;0;0;0;0;0;0;0;0;1;0;0
Инструкция по эксплуатации устройств РЗА-10кВ управления, сигнализации, электромагнитной блокировки ячеек С ВН-10кВ;ВН-10кВ;"ТП-379 ""Крынки""";13.12.2019;13.12.2023;0;0;0;0;0;0;0;0;0;1;0
"Инструкция по эксплуатации устройств АВР-10кВ ТП-392 ""Лиозно ЦРБ""";ЗМН, АВР-10кВ, ВВ-10кВ.;"ТП-392 ""Лиозно ЦБ""";27.05.2021;27.05.2025;0;0;0;0;0;0;0;0;0;1;0
Инструкция по эксплуатации устройств АВР-10кВ;ЗМН, АВР-10кВ, МВ-10кВ;"ТП-40 ""Слобода""";19.07.2021;19.07.2025;0;0;0;0;0;0;0;0;0;0;1
Инструкция по эксплуатации устройств АВР-10кВ;АВР;"ТП-40 ""Шумилино""";24.11.2020;24.11.2024;0;0;0;0;0;0;0;1;0;0;0
Инструкция по эксплуатации устройств АВР-101кВ;ВВ-10кВ;"ТП-404 ""Сокорово""";10.04.2019;10.04.2023;0;0;0;0;0;0;1;0;0;0;0
Инструкция по эксплуатации устройств управления, сигнализации и электромагнитной оперативной блокировки ячеек с ВН-10кВ и СР-10кВ;Оперток,ВН,СР-10кВ,ОБР;"ТП-41 ""Октябрьский""";03.05.2016;30.04.2024;0;0;0;0;0;1;0;0;0;0;0
Инструкция по эксплуатации устройств РЗАИ;Управление, защиты, автоматика, сигнализация;"ТП-446 ""Бешенковичи""";16.09.2016;16.08.2024;0;0;0;0;0;0;1;0;0;0;0
Инструкция по эксплуатации устройств управления, сигнализации и электромагнитной оперативной блокировки ячеек ВН-10кВ;Ввод-10кВ;"ТП-450 ""Пушки""";26.11.2019;26.11.2023;0;0;0;0;0;0;0;0;0;1;0
Инструкция по эксплуатации устройств РЗА;Управление, защиты, автоматика, сигнализация;"ТП-451 ""Камоски""";19.09.2018;19.09.2022;0;0;0;0;0;0;1;0;0;0;0
Инструкция по эксплуатации АВР-10кВ;АВР-10кВ, МВ-10кВ;"ТП-454 ""Чановичи""";17.09.2021;17.09.2025;0;0;0;0;0;0;1;0;0;0;0
Инструкция по эксплуатации устройств РЗАИ ТП-455;ВН-10кВ;"ТП-455 ""Яськовщина""";30.12.2019;30.12.2023;0;0;0;0;0;0;0;0;0;1;0
Инструкция по эксплуатации устройств управления, сигнализации и электромагнитной оперативной блокировки ячейки с ВН-10кВ;ВН-10кВ;"ТП-458 ""Якубовщина""";26.11.2019;26.11.2023;0;0;0;0;0;0;0;0;0;1;0
Инструкция по эксплуатации устройств АВР;ВВ-10кВ;"ТП-468 ""Рубеж""";10.04.2019;10.04.2023;0;0;0;0;0;0;1;0;0;0;0
Инструкция по эксплуатации устройств АВР-10кВ;АВР с самовозвратом;"ТП-485""Шумилино""";17.10.2018;17.10.2022;0;0;0;0;0;0;0;1;0;0;0
Инструкция по эксплуатации устройств АВР-10кВ;АВР;"ТП-489 ""Сиротино""";28.09.2016;14.08.2024;0;0;0;0;0;0;0;1;0;0;0
Инструкция по эксплуатации устройств АВР-10кВ;Ввод 10кВ;"ТП-494 ""Березовка""";22.07.2020;22.07.2024;0;0;0;0;0;0;0;0;0;0;1
Инструкция по эксплуатации устройств АВР-10кВ;АВР;"ТП-499 ""Нетели""";22.07.2020;22.07.2024;0;0;0;0;0;0;0;0;0;0;1
Инструкция по эксплуатации устройств АВР-10кВ;Ввод 10кВ;"ТП-537 ""Войхане""";16.10.2018;16.10.2022;0;0;0;0;0;0;0;0;0;0;1
Инструкция по эксплуатации устройств РЗАИ;Ввод-10кВ;"ТП-540 ""Симоново""";07.08.2018;07.08.2022;0;0;0;0;0;0;0;0;0;1;0
Инструкция по эксплуатации АВР-10кВ;АВР-10кВ;"ТП-564 ""Глазомичи""";19.09.2018;19.09.2022;0;0;0;0;0;0;0;0;1;0;0
Инструкция по эксплуатации устройств РЗА ТП-57;МВ-10кВ,АВР-10кВ, ВВ-10кВ.;"ТП-57 ""Косаревщина""";17.09.2021;17.09.2025;0;0;0;0;0;0;0;0;0;0;0
Инструкция по эксплуатации устройств РЗА СВВ-10кВ;СВВ-10кВ;"ТП-572 ""Задубровье""";06.10.2020;06.10.2024;0;0;0;0;0;0;0;0;1;0;0
Инструкция по эксплуатации устройств РЗАИ;отх. Линии 10 кВ, СН;"ТП-573 ""Лужесно""";06.12.2019;06.12.2023;0;0;0;0;0;1;0;0;0;0;0
Инструкция по эксплуатации устройств АВР-10кВ;ввод 10кВ,  ВВ - 10кВ;"ТП-578 ""Цавьи""";10.12.2019;10.12.2023;0;0;0;0;0;0;0;1;0;0;0
Инструкция по эксплуатации устройств АВР-10кВ;АВР-10кВ;"ТП-593 ""Селище"",";01.12.2020;01.12.2024;0;0;0;0;0;0;0;0;0;0;1
Инструкция по эксплуатации устройств РЗА;АВР;"ТП-595 ""Присушино""";18.03.2020;18.03.2024;0;0;0;0;0;0;0;0;1;0;0
Инструкция по эксплуатации устройств АВР-10кВ;АВР;"ТП-613 ""Меховое""";03.03.2020;03.03.2024;0;0;0;0;0;0;0;0;0;0;1
Инструкция по эксплуатации устройств АВР-10 кВ;ВВ-10кВ;"ТП-63 ""Емельяново""";14.07.2021;14.07.2025;0;0;0;0;0;0;0;0;0;1;0
Инструкция по эксплуатации устройств АВР-10кВ;АВР-10кВ;"ТП-63 ""Узварцы""";24.11.2020;24.11.2024;0;0;0;0;0;1;0;0;0;0;0
Инструкция по эксплуатации устройств АВР-10кВ;АВР-10кВ;"ТП-656 ""Ольгово""";17.03.2020;17.03.2024;0;0;0;0;0;1;0;0;0;0;0
Инструкция по эксплуатации устройств РЗА;АВР;"ТП-663 ""Новоселки""";05.03.2020;05.03.2024;0;0;0;0;0;0;0;0;1;0;0
Инструкция по эксплуатации устройств РЗА;Управление, защиты, автоматика, сигнализация;"ТП-673 ""Слобода""";19.09.2018;19.09.2022;0;0;0;0;0;0;0;0;1;0;0
Инструкция по эксплуатации устройств РЗАИ;ввод 10кВ , СВВ-10кВ;ТП-680 Энергетик;11.03.2019;11.03.2023;0;0;0;0;0;1;0;0;0;0;0
Инструкция по эксплуатации устройств АВР-10;АВР;"ТП-715 ""Сущево""";19.10.2018;19.10.2022;0;0;0;0;0;0;0;0;1;0;0
Инструкция по эксплуатации устройств РЗА;МВ-10кВ;"ТП-717 ""Мишутки""";19.09.2018;19.09.2022;0;0;0;0;0;0;0;0;1;0;0
Инструкция по эксплуатации устройств РЗАИ;РЗАИ;"ТП-76 ""Клещено""";12.05.2022;12.05.2026;0;0;0;0;0;0;1;0;0;0;0
Инструкция по эксплуатации устройств РЗАИ;ВВ-10кВ, МВ-10кВ;ТП-76 Октябрьский;10.06.2021;10.06.2025;0;0;0;0;0;1;0;0;0;0;0
Инструкция по эксплуатации АВР-10кВ;АВР-10кВ;"ТП-771 ""Полудетки""";19.09.2018;19.09.2022;0;0;0;0;0;0;0;0;1;0;0
Инструкция по эксплуатации  РЗАИ;РЗАИ;ТП-773 База ВЭСР;20.11.2020;20.11.2024;0;0;0;0;0;1;0;0;0;0;0
Инструкция по эксплуатации РЗА ВГРЭС;РЗА ;ТП-РП ВГРЭС;20.09.2021;20.09.2025;0;0;0;0;1;0;0;0;0;0;0
Инструкция по эксплуатации устройств РЗАИ;Ввод 10кВ, отходящая линия 10кВ,СВВ-10кВ,ТН;"ТП-790 ""Городок""";10.10.2016;21.10.2024;0;0;0;0;0;0;0;0;0;0;1
Инструкция по эксплуатации устройств РЗА;СРЗАИ;ТП-792 Копти;20.02.2019;20.02.2023;0;0;0;0;0;1;0;0;0;0;0
Инструкция по эксплуатации устройств АВР-10 кВ;АВР;"ТП-793 ""Осиновка""";01.12.2020;01.12.2024;0;0;0;0;0;1;0;0;0;0;0
Инструкция по эксплуатации устройств АВР-10 кВ;АВР;"ТП-831 ""Старое село""";24.11.2020;24.11.2024;0;0;0;0;0;1;0;0;0;0;0
Инструкция по эксплуатации устройств РЗАИ;РЗАИ;ТП-884 Кировский;17.10.2018;17.10.2022;0;0;0;0;0;1;0;0;0;0;0
Инструкция по эксплуатации устройств РЗАИ;РЗАИ;ТП-901 Кировский;19.09.2018;19.09.2022;0;0;0;0;0;1;0;0;0;0;0
Инструкция по эксплуатации устройств АВР-10 кВ;АВР;"ТП-93 ""Бегуны""";17.09.2021;17.09.2025;0;0;0;0;0;0;0;0;0;0;1
Инструкция по эксплуатации устройств РЗАИ;Оперток, вводные линии 10кВ, отходящие линии 10кВ;"ТП-958 ""Мазолово""";26.11.2020;26.11.2024;0;0;0;0;0;1;0;0;0;0;0
Инструкция по эксплуатации устройств РЗАИ;ВН-10кВ;"ТП-97 ""Веляшковичи""";11.02.2020;11.02.2024;0;0;0;0;0;0;0;0;0;1;0
Инструкция по эксплуатации РЗА ШРЭС;РЗА;ШРЭС;10.03.2022;10.03.2026;0;0;0;0;0;0;0;1;0;0;0
Инструкция по эксплуатации РЗА ВСРЭС;РЗАИ;ВСРЭС;24.03.2022;24.03.2026;0;0;0;0;0;1;0;0;0;0;0
Инструкция по эксплуатации РЗА ОДС;РЗАИ;ОДС;13.04.2022;13.04.2026;0;1;0;0;0;0;0;0;0;0;0
Инструкция по эксплуатации РЗА ЛРЭС;РЗАИ;ЛРЭС;16.03.2022;16.03.2026;0;0;0;0;0;0;0;0;0;1;0
Инструкция по эксплуатации РЗА филиала ВЭС для ЦДС;РЗАИ;РЗА ВЭС в ведении ЦДС;20.04.2022;20.04.2026;1;0;0;0;0;0;0;0;0;0;0
Инструкция по эксплуатации РЗА ВЧ ПРМ-ПРД ETL600 848/932 кГц ВЛ-110кВ Журжево;РЗАИ ВЛ-110 на Журжево;ПС Витебск-330;29.04.2022;29.04.2026;1;0;1;0;0;0;0;0;0;0;0
Инструкция по эксплуатации РЗА ПРМ-ПРД NSD570 ВЛ-110кВ Журжево;РЗАИ ВЛ-110 на Журжево;ПС Витебск-330;29.04.2022;29.04.2026;1;0;1;0;0;0;0;0;0;0;0
Схема распределения постоянного оперативного тока;ОТ;ПС 110кВ Билево;11.05.2022;11.05.2025;0;0;0;0;0;0;0;0;0;0;0